"analysis_id","created_at_utc","cycle","produced_at_utc","scenario","scenario_status","speed_sog_kn","departure_utc","arrival_utc","hs_threshold_m","elapsed_h","valid_time_utc","lat","lon","distance_nm","course_true_deg","hs_physics_m","tp_s","tm02_s","dirm_from_deg","dirp_from_deg","relative_wave_deg","status","hs_applicability","hs_reasons","missing_variables","peak_valid_time_utc","screening","corrected"
"6d392363-4cc4-4e20-b8b4-d79d20550500","2026-09-11T15:41:00.862661+00:00","20260906T18","2026-09-07T01:25:41+00:00","기준","covered","14","2026-09-06T18:00:00+00:00","2026-09-08T00:13:10.225564687+00:00","3","0","2026-09-06T18:00:00+00:00","34.5","129","0","220.07083828676042","2.5300002098083496","7.609435081481934","5.947546653067957","34.187156785396894","34.187156677246094","174.11631839048567","ok","sparse","hs_above_validated_p95","{}","2026-09-06T18:00:00+00:00","no_land_detected","false"
"6d392363-4cc4-4e20-b8b4-d79d20550500","2026-09-11T15:41:00.862661+00:00","20260906T18","2026-09-07T01:25:41+00:00","기준","covered","14","2026-09-06T18:00:00+00:00","2026-09-08T00:13:10.225564687+00:00","3","0.3479689887843094","2026-09-06T18:20:52.688359623+00:00","34.43774503773482","128.93680803612594","4.871565842980331","220.0350742546741","2.5419111975025905","7.609435081481934","5.795049881198224","34.868681843501406","34.187156677246094","174.152082422572","ok","sparse","hs_above_validated_p95","{}","2026-09-06T18:00:00+00:00","no_land_detected","false"
"6d392363-4cc4-4e20-b8b4-d79d20550500","2026-09-11T15:41:00.862661+00:00","20260906T18","2026-09-07T01:25:41+00:00","기준","covered","14","2026-09-06T18:00:00+00:00","2026-09-08T00:13:10.225564687+00:00","3","0.6959379775686187","2026-09-06T18:41:45.376719247+00:00","34.37545683388101","128.87370975805536","9.743131685960662","219.9994198039752","2.569611208033505","7.67293119430542","5.67213164074483","34.38509776222634","43.19435501098633","-176.80506479298887","ok","sparse","hs_above_validated_p95","{}","2026-09-06T18:00:00+00:00","no_land_detected","false"
"6d392363-4cc4-4e20-b8b4-d79d20550500","2026-09-11T15:41:00.862661+00:00","20260906T18","2026-09-07T01:25:41+00:00","기준","covered","14","2026-09-06T18:00:00+00:00","2026-09-08T00:13:10.225564687+00:00","3","1.0439069663529281","2026-09-06T19:02:38.065078870+00:00","34.313135511990005","128.81070485822482","14.614697528940994","219.96387466537237","2.625114496295415","7.235171318054199","5.584742859208741","33.223680683791315","30.924938201904297","170.96106353653192","ok","sparse","hs_above_validated_p95","{}","2026-09-06T18:00:00+00:00","no_land_detected","false"
"6d392363-4cc4-4e20-b8b4-d79d20550500","2026-09-11T15:41:00.862661+00:00","20260906T18","2026-09-07T01:25:41+00:00","기준","covered","14","2026-09-06T18:00:00+00:00","2026-09-08T00:13:10.225564687+00:00","3","1.3918759551372375","2026-09-06T19:23:30.753438494+00:00","34.250781195168095","128.7477930298203","19.486263371921325","219.92843857039207","2.7159857578601834","7.235171318054199","5.5358461075936285","31.94032106637286","30.924938201904297","170.99649963151222","ok","sparse","hs_above_validated_p95","{}","2026-09-06T18:00:00+00:00","no_land_detected","false"
"6d392363-4cc4-4e20-b8b4-d79d20550500","2026-09-11T15:41:00.862661+00:00","20260906T18","2026-09-07T01:25:41+00:00","기준","covered","14","2026-09-06T18:00:00+00:00","2026-09-08T00:13:10.225564687+00:00","3","1.7398449439215469","2026-09-06T19:44:23.441798117+00:00","34.18839400607832","128.68497396677677","24.357829214901656","219.89311125137823","2.789619685919277","7.502159118652344","5.557991298275249","34.42251700397816","31.82583999633789","171.93272874495966","ok","sparse","hs_above_validated_p95","{}","2026-09-06T21:05:24+00:00","no_land_detected","false"
"6d392363-4cc4-4e20-b8b4-d79d20550500","2026-09-11T15:41:00.862661+00:00","20260906T18","2026-09-07T01:25:41+00:00","기준","covered","14","2026-09-06T18:00:00+00:00","2026-09-08T00:13:10.225564687+00:00","3","2.0878139327058562","2026-09-06T20:05:16.130157741+00:00","34.12597406694235","128.6222473637774","29.229395057881987","219.85789244149163","2.9103232978613596","7.4591898918151855","5.609466219869815","36.661497069491816","43.485145568847656","-176.37274687264397","ok","sparse","hs_above_validated_p95","{}","2026-09-06T21:05:24+00:00","no_land_detected","false"
"6d392363-4cc4-4e20-b8b4-d79d20550500","2026-09-11T15:41:00.862661+00:00","20260906T18","2026-09-07T01:25:41+00:00","기준","covered","14","2026-09-06T18:00:00+00:00","2026-09-08T00:13:10.225564687+00:00","3","2.4357829214901656","2026-09-06T20:26:08.818517364+00:00","34.063521499542404","128.55961291625292","34.10096090086232","219.82278187470953","3.0640853697307184","7.604308605194092","5.672803307407086","38.56031712552095","42.39208984375","-177.43069203095953","ok","sparse","hs_above_validated_p95","{}","2026-09-06T21:05:24+00:00","no_land_detected","false"
"6d392363-4cc4-4e20-b8b4-d79d20550500","2026-09-11T15:41:00.862661+00:00","20260906T18","2026-09-07T01:25:41+00:00","기준","covered","14","2026-09-06T18:00:00+00:00","2026-09-08T00:13:10.225564687+00:00","3","2.783751910274475","2026-09-06T20:47:01.506876988+00:00","34.001036425223106","128.49707032038077","38.97252674384265","219.78777928582505","3.2344788678701586","7.604308605194092","5.735313159749703","40.139995293937204","42.39208984375","-177.39568944207505","ok","sparse","hs_above_validated_p95","{}","2026-09-06T21:05:24+00:00","no_land_detected","false"
"6d392363-4cc4-4e20-b8b4-d79d20550500","2026-09-11T15:41:00.862661+00:00","20260906T18","2026-09-07T01:25:41+00:00","기준","covered","14","2026-09-06T18:00:00+00:00","2026-09-08T00:13:10.225564687+00:00","3","3.1317208990587844","2026-09-06T21:07:54.195236611+00:00","33.938518964893326","128.43461927308445","43.84409258682298","219.75288441044668","3.274889086787629","7.604308605194092","5.769416450602706","40.551200716116284","42.39208984375","-177.36079456669668","ok","sparse","hs_above_validated_p95","{}","2026-09-06T21:05:24+00:00","no_land_detected","false"
"6d392363-4cc4-4e20-b8b4-d79d20550500","2026-09-11T15:41:00.862661+00:00","20260906T18","2026-09-07T01:25:41+00:00","기준","covered","14","2026-09-06T18:00:00+00:00","2026-09-08T00:13:10.225564687+00:00","3","3.4796898878430937","2026-09-06T21:28:46.883596235+00:00","33.87596923902814","128.37225947203268","48.71565842980331","219.7180969849977","3.320312963693077","7.533680438995361","5.836462320494067","41.38734101071054","49.790679931640625","-169.92741705335706","ok","sparse","hs_above_validated_p95","{}","2026-09-06T21:05:24+00:00","no_land_detected","false"
"6d392363-4cc4-4e20-b8b4-d79d20550500","2026-09-11T15:41:00.862661+00:00","20260906T18","2026-09-07T01:25:41+00:00","기준","covered","14","2026-09-06T18:00:00+00:00","2026-09-08T00:13:10.225564687+00:00","3","3.827658876627403","2026-09-06T21:49:39.571955858+00:00","33.8133873676706","128.3099906156386","53.587224272783644","219.68341674671555","3.3846378470793987","7.728202819824219","5.904609605181551","42.38858254281598","44.75916290283203","-174.92425384388352","ok","sparse","hs_above_validated_p95","{}","2026-09-06T21:05:24+00:00","no_land_detected","false"
"6d392363-4cc4-4e20-b8b4-d79d20550500","2026-09-11T15:41:00.862661+00:00","20260906T18","2026-09-07T01:25:41+00:00","기준","covered","14","2026-09-06T18:00:00+00:00","2026-09-08T00:13:10.225564687+00:00","3","4.1756278654117125","2026-09-06T22:10:32.260315482+00:00","33.750773470433664","128.24781240305907","58.458790115763975","219.64884343365128","3.4609925845667258","7.728202819824219","5.97064480614417","43.42608912386913","44.75916290283203","-174.88968053081925","ok","sparse","hs_above_validated_p95","{}","2026-09-06T21:05:24+00:00","no_land_detected","false"
"6d392363-4cc4-4e20-b8b4-d79d20550500","2026-09-11T15:41:00.862661+00:00","20260906T18","2026-09-07T01:25:41+00:00","기준","covered","14","2026-09-06T18:00:00+00:00","2026-09-08T00:13:10.225564687+00:00","3","4.523596854196022","2026-09-06T22:31:24.948675105+00:00","33.688127666502005","128.18572453419355","63.330355958744306","219.61437678466896","3.452072860757185","7.728202819824219","6.000228208634942","43.700437952112225","44.75916290283203","-174.85521388183693","ok","sparse","hs_above_validated_p95","{}","2026-09-06T21:05:24+00:00","no_land_detected","false"
"6d392363-4cc4-4e20-b8b4-d79d20550500","2026-09-11T15:41:00.862661+00:00","20260906T18","2026-09-07T01:25:41+00:00","기준","covered","14","2026-09-06T18:00:00+00:00","2026-09-08T00:13:10.225564687+00:00","3","4.871565842980331","2026-09-06T22:52:17.637034729+00:00","33.625450074633854","128.12372670968352","68.20192180172464","219.58001653944487","3.4608544824466367","8.006062507629395","6.031702594874224","44.07214658733153","51.250789642333984","-168.32922689711089","ok","sparse","hs_above_validated_p95","{}","2026-09-07T00:01:12+00:00","no_land_detected","false"
"6d392363-4cc4-4e20-b8b4-d79d20550500","2026-09-11T15:41:00.862661+00:00","20260906T18","2026-09-07T01:25:41+00:00","기준","covered","14","2026-09-06T18:00:00+00:00","2026-09-08T00:13:10.225564687+00:00","3","5.219534831764641","2026-09-06T23:13:10.325394352+00:00","33.56274081316289","128.06181863091146","73.07348764470497","219.54576243846697","3.4845185967944206","8.385099411010742","6.064419018178349","44.49760960525407","48.179481506347656","-171.3662809321193","ok","sparse","hs_above_validated_p95","{}","2026-09-07T00:01:12+00:00","no_land_detected","false"
"6d392363-4cc4-4e20-b8b4-d79d20550500","2026-09-11T15:41:00.862661+00:00","20260906T18","2026-09-07T01:25:41+00:00","기준","covered","14","2026-09-06T18:00:00+00:00","2026-09-08T00:13:10.225564687+00:00","3","5.56750382054895","2026-09-06T23:34:03.013753976+00:00","33.5","128","77.9450534876853","219.5116142230342","3.519636274616006","8.385099411010742","6.097622578055284","44.92906005913346","48.179481506347656","-171.33213271668654","ok","sparse","hs_above_validated_p95","{}","2026-09-07T00:01:12+00:00","no_land_detected","false"
"6d392363-4cc4-4e20-b8b4-d79d20550500","2026-09-11T15:41:00.862661+00:00","20260906T18","2026-09-07T01:25:41+00:00","기준","covered","14","2026-09-06T18:00:00+00:00","2026-09-08T00:13:10.225564687+00:00","3","5.920405931091428","2026-09-06T23:55:13.461351929+00:00","33.42201272776678","127.96790084713574","82.88568303527998","199.0249839606299","3.5196739067284275","8.385099411010742","6.135709045419445","43.99686141296286","48.179481506347656","-150.84550245428224","ok","sparse","hs_above_validated_p95","{}","2026-09-07T00:01:12+00:00","no_land_detected","false"
"6d392363-4cc4-4e20-b8b4-d79d20550500","2026-09-11T15:41:00.862661+00:00","20260906T18","2026-09-07T01:25:41+00:00","기준","covered","14","2026-09-06T18:00:00+00:00","2026-09-08T00:13:10.225564687+00:00","3","6.273308041633904","2026-09-07T00:16:23.908949882+00:00","33.344016182228344","127.93585904331944","87.82631258287466","199.00735349125327","3.518045240885613","8.487663269042969","6.173477713493437","43.05767799125988","41.77228927612305","-157.23506421513022","ok","sparse","hs_above_validated_p95","{}","2026-09-07T00:01:12+00:00","no_land_detected","false"
"6d392363-4cc4-4e20-b8b4-d79d20550500","2026-09-11T15:41:00.862661+00:00","20260906T18","2026-09-07T01:25:41+00:00","기준","covered","14","2026-09-06T18:00:00+00:00","2026-09-08T00:13:10.225564687+00:00","3","6.626210152176382","2026-09-07T00:37:34.356547834+00:00","33.266010403446536","127.9038743231645","92.76694213046935","198.989790806624","3.5166887773659044","8.487663269042969","6.207507200916041","42.18812355369323","41.77228927612305","-157.21750153050095","ok","sparse","hs_above_validated_p95","{}","2026-09-07T00:01:12+00:00","no_land_detected","false"
"6d392363-4cc4-4e20-b8b4-d79d20550500","2026-09-11T15:41:00.862661+00:00","20260906T18","2026-09-07T01:25:41+00:00","기준","covered","14","2026-09-06T18:00:00+00:00","2026-09-08T00:13:10.225564687+00:00","3","6.979112262718859","2026-09-07T00:58:44.804145787+00:00","33.18799543129717","127.87194642255469","97.70757167806403","198.97229566896434","3.4866889612860956","8.46916389465332","6.220946735331021","41.332897009557314","47.170982360839844","-151.8013133081245","ok","sparse","hs_above_validated_p95","{}","2026-09-07T00:01:12+00:00","no_land_detected","false"
"6d392363-4cc4-4e20-b8b4-d79d20550500","2026-09-11T15:41:00.862661+00:00","20260906T18","2026-09-07T01:25:41+00:00","기준","covered","14","2026-09-06T18:00:00+00:00","2026-09-08T00:13:10.225564687+00:00","3","7.3320143732613365","2026-09-07T01:19:55.251743740+00:00","33.109971305471284","127.84007507863589","102.64820122565871","198.95486784181793","3.453503496103341","8.510398864746094","6.234420817638197","40.46207886142986","40.66776657104492","-158.287101270773","ok","sparse","hs_above_validated_p95","{}","2026-09-07T00:01:12+00:00","no_land_detected","false"
"6d392363-4cc4-4e20-b8b4-d79d20550500","2026-09-11T15:41:00.862661+00:00","20260906T18","2026-09-07T01:25:41+00:00","기준","covered","14","2026-09-06T18:00:00+00:00","2026-09-08T00:13:10.225564687+00:00","3","7.684916483803812","2026-09-07T01:41:05.699341693+00:00","33.0319380654765","127.80826002980803","107.58883077325338","198.93750709004203","3.423142674591559","8.63822078704834","6.252616756227143","39.592284075228065","42.823394775390625","-156.1141123146514","ok","sparse","hs_above_validated_p95","{}","2026-09-07T03:06:36+00:00","no_land_detected","false"
"6d392363-4cc4-4e20-b8b4-d79d20550500","2026-09-11T15:41:00.862661+00:00","20260906T18","2026-09-07T01:25:41+00:00","기준","covered","14","2026-09-06T18:00:00+00:00","2026-09-08T00:13:10.225564687+00:00","3","8.03781859434629","2026-09-07T02:02:16.146939646+00:00","32.95389575063822","127.77650101571689","112.52946032084806","198.92021317979956","3.381505967184782","8.63822078704834","6.254472590823912","38.76868518525083","42.823394775390625","-156.09681840440894","ok","sparse","hs_above_validated_p95","{}","2026-09-07T03:06:36+00:00","no_land_detected","false"
"6d392363-4cc4-4e20-b8b4-d79d20550500","2026-09-11T15:41:00.862661+00:00","20260906T18","2026-09-07T01:25:41+00:00","기준","covered","14","2026-09-06T18:00:00+00:00","2026-09-08T00:13:10.225564687+00:00","3","8.390720704888768","2026-09-07T02:23:26.594537599+00:00","32.87584440010099","127.74479777724623","117.47008986844274","198.9029858785513","3.3315962966234105","8.63822078704834","6.249254230211767","37.95406395375113","42.823394775390625","-156.07959110316068","ok","sparse","hs_above_validated_p95","{}","2026-09-07T03:06:36+00:00","no_land_detected","false"
"6d392363-4cc4-4e20-b8b4-d79d20550500","2026-09-11T15:41:00.862661+00:00","20260906T18","2026-09-07T01:25:41+00:00","기준","covered","14","2026-09-06T18:00:00+00:00","2026-09-08T00:13:10.225564687+00:00","3","8.743622815431245","2026-09-07T02:44:37.042135552+00:00","32.797784052829755","127.71315005650966","122.41071941603742","198.88582495504807","3.286128635975751","8.664007186889648","6.245548734771984","37.108789458422564","37.92582702636719","-160.95999792868088","ok","sparse","hs_above_validated_p95","{}","2026-09-07T03:06:36+00:00","no_land_detected","false"
"6d392363-4cc4-4e20-b8b4-d79d20550500","2026-09-11T15:41:00.862661+00:00","20260906T18","2026-09-07T01:25:41+00:00","기준","covered","14","2026-09-06T18:00:00+00:00","2026-09-08T00:13:10.225564687+00:00","3","9.096524925973721","2026-09-07T03:05:47.489733505+00:00","32.7197147476111","127.68155759684285","127.3513489636321","198.86873017932314","3.2561499161052865","8.664007186889648","6.2436758652914115","36.4675032995313","37.92582702636719","-160.94290315295595","ok","sparse","hs_above_validated_p95","{}","2026-09-07T03:06:36+00:00","no_land_detected","false"
"6d392363-4cc4-4e20-b8b4-d79d20550500","2026-09-11T15:41:00.862661+00:00","20260906T18","2026-09-07T01:25:41+00:00","기준","covered","14","2026-09-06T18:00:00+00:00","2026-09-08T00:13:10.225564687+00:00","3","9.449427036516198","2026-09-07T03:26:57.937331458+00:00","32.64163652305446","127.65002014279557","132.29197851122677","198.85170132268445","3.248483998100844","8.664007186889648","6.218567444889674","35.88131225888509","37.92582702636719","-160.92587429631726","ok","sparse","hs_above_validated_p95","{}","2026-09-07T03:06:36+00:00","no_land_detected","false"
"6d392363-4cc4-4e20-b8b4-d79d20550500","2026-09-11T15:41:00.862661+00:00","20260906T18","2026-09-07T01:25:41+00:00","기준","covered","14","2026-09-06T18:00:00+00:00","2026-09-08T00:13:10.225564687+00:00","3","9.802329147058675","2026-09-07T03:48:08.384929411+00:00","32.56354941759346","127.61853744012399","137.23260805882146","198.8347381577071","3.2352221635494334","8.650848388671875","6.199315978039417","35.27705571272895","37.117469787597656","-161.71726837010945","ok","sparse","hs_above_validated_p95","{}","2026-09-07T03:06:36+00:00","no_land_detected","false"
"6d392363-4cc4-4e20-b8b4-d79d20550500","2026-09-11T15:41:00.862661+00:00","20260906T18","2026-09-07T01:25:41+00:00","기준","covered","14","2026-09-06T18:00:00+00:00","2026-09-08T00:13:10.225564687+00:00","3","10.155231257601153","2026-09-07T04:09:18.832527364+00:00","32.48545346948705","127.58710923578285","142.17323760641614","198.81784045822582","3.2187128417565876","8.650848388671875","6.18550378968703","34.67008948274247","37.117469787597656","-161.70037067062816","ok","sparse","hs_above_validated_p95","{}","2026-09-07T03:06:36+00:00","no_land_detected","false"
"6d392363-4cc4-4e20-b8b4-d79d20550500","2026-09-11T15:41:00.862661+00:00","20260906T18","2026-09-07T01:25:41+00:00","기준","covered","14","2026-09-06T18:00:00+00:00","2026-09-08T00:13:10.225564687+00:00","3","10.50813336814363","2026-09-07T04:30:29.280125317+00:00","32.40734871682076","127.55573527791778","147.11386715401082","198.80100799932734","3.198422123830045","8.650848388671875","6.1795832871851015","34.19181359068233","37.117469787597656","-161.68353821172968","ok","sparse","hs_above_validated_p95","{}","2026-09-07T03:06:36+00:00","no_land_detected","false"
"6d392363-4cc4-4e20-b8b4-d79d20550500","2026-09-11T15:41:00.862661+00:00","20260906T18","2026-09-07T01:25:41+00:00","기준","covered","14","2026-09-06T18:00:00+00:00","2026-09-08T00:13:10.225564687+00:00","3","10.861035478686107","2026-09-07T04:51:39.727723269+00:00","32.32923519750799","127.52441531585772","152.0544967016055","198.7842405573432","3.1737258241851567","8.886516571044922","6.178695718612552","33.7702997809447","36.34388732910156","-162.44035322824163","ok","sparse","hs_above_validated_p95","{}","2026-09-07T06:01:48+00:00","no_land_detected","false"
"6d392363-4cc4-4e20-b8b4-d79d20550500","2026-09-11T15:41:00.862661+00:00","20260906T18","2026-09-07T01:25:41+00:00","기준","covered","14","2026-09-06T18:00:00+00:00","2026-09-08T00:13:10.225564687+00:00","3","11.213937589228584","2026-09-07T05:12:50.175321222+00:00","32.251112949291056","127.49314910010722","156.99512624920018","198.76753790984216","3.14717133419859","8.886516571044922","6.181288641626323","33.391305052073335","36.34388732910156","-162.4236505807406","ok","sparse","hs_above_validated_p95","{}","2026-09-07T06:01:48+00:00","no_land_detected","false"
"6d392363-4cc4-4e20-b8b4-d79d20550500","2026-09-11T15:41:00.862661+00:00","20260906T18","2026-09-07T01:25:41+00:00","기준","covered","14","2026-09-06T18:00:00+00:00","2026-09-08T00:13:10.225564687+00:00","3","11.566839699771062","2026-09-07T05:34:00.622919175+00:00","32.17298200974252","127.46193638233902","161.93575579679487","198.75089983562293","3.1466828176227235","8.886516571044922","6.1690447748037425","33.050054176227036","36.34388732910156","-162.40701250652137","ok","sparse","hs_above_validated_p95","{}","2026-09-07T06:01:48+00:00","no_land_detected","false"
"6d392363-4cc4-4e20-b8b4-d79d20550500","2026-09-11T15:41:00.862661+00:00","20260906T18","2026-09-07T01:25:41+00:00","기준","covered","14","2026-09-06T18:00:00+00:00","2026-09-08T00:13:10.225564687+00:00","3","11.919741810313539","2026-09-07T05:55:11.070517128+00:00","32.0948424162663","127.43077691538646","166.87638534438955","198.73432611470705","3.144648007598835","8.836825370788574","6.167108609645971","32.74755247285617","33.2811393737793","-165.45318674092775","ok","sparse","hs_above_validated_p95","{}","2026-09-07T06:01:48+00:00","no_land_detected","false"
"6d392363-4cc4-4e20-b8b4-d79d20550500","2026-09-11T15:41:00.862661+00:00","20260906T18","2026-09-07T01:25:41+00:00","기준","covered","14","2026-09-06T18:00:00+00:00","2026-09-08T00:13:10.225564687+00:00","3","12.272643920856016","2026-09-07T06:16:21.518115081+00:00","32.016694206098904","127.39967045323615","171.81701489198423","198.71781652833138","3.139959772641604","8.836825370788574","6.163406680030763","32.39844181064677","33.2811393737793","-165.4366771545521","ok","sparse","hs_above_validated_p95","{}","2026-09-07T06:01:48+00:00","no_land_detected","false"
"6d392363-4cc4-4e20-b8b4-d79d20550500","2026-09-11T15:41:00.862661+00:00","20260906T18","2026-09-07T01:25:41+00:00","기준","covered","14","2026-09-06T18:00:00+00:00","2026-09-08T00:13:10.225564687+00:00","3","12.625546031398494","2026-09-07T06:37:31.965713034+00:00","31.938537416310528","127.36861675102053","176.7576444395789","198.7013708589412","3.143683773489381","8.901890754699707","6.160969349992737","32.05944313670807","38.415653228759766","-160.28571763018144","ok","sparse","hs_above_validated_p95","{}","2026-09-07T06:01:48+00:00","no_land_detected","false"
"6d392363-4cc4-4e20-b8b4-d79d20550500","2026-09-11T15:41:00.862661+00:00","20260906T18","2026-09-07T01:25:41+00:00","기준","covered","14","2026-09-06T18:00:00+00:00","2026-09-08T00:13:10.225564687+00:00","3","12.978448141940971","2026-09-07T06:58:42.413310987+00:00","31.860372083806272","127.3376155650105","181.6982739871736","198.684988890183","3.14632048279375","8.863590240478516","6.161644286964886","31.823206402999006","33.20969009399414","-165.47529879618887","ok","sparse","hs_above_validated_p95","{}","2026-09-07T06:01:48+00:00","no_land_detected","false"
"6d392363-4cc4-4e20-b8b4-d79d20550500","2026-09-11T15:41:00.862661+00:00","20260906T18","2026-09-07T01:25:41+00:00","기준","covered","14","2026-09-06T18:00:00+00:00","2026-09-08T00:13:10.225564687+00:00","3","13.331350252483446","2026-09-07T07:19:52.860908940+00:00","31.78219824532728","127.30666665260826","186.63890353476825","198.6686704068974","3.147769840255548","8.863590240478516","6.163923466140955","31.660777297489233","33.20969009399414","-165.45898031290326","ok","sparse","hs_above_validated_p95","{}","2026-09-07T06:01:48+00:00","no_land_detected","false"
"6d392363-4cc4-4e20-b8b4-d79d20550500","2026-09-11T15:41:00.862661+00:00","20260906T18","2026-09-07T01:25:41+00:00","기준","covered","14","2026-09-06T18:00:00+00:00","2026-09-08T00:13:10.225564687+00:00","3","13.684252363025925","2026-09-07T07:41:03.308506893+00:00","31.704015937451857","127.27576977233998","191.57953308236296","198.6524151951121","3.151213981614542","8.981043815612793","6.165681816953543","31.59426659320627","39.90823745727539","-158.7441777378367","ok","sparse","hs_above_validated_p95","{}","2026-09-07T09:07:48+00:00","no_land_detected","false"
"6d392363-4cc4-4e20-b8b4-d79d20550500","2026-09-11T15:41:00.862661+00:00","20260906T18","2026-09-07T01:25:41+00:00","기준","covered","14","2026-09-06T18:00:00+00:00","2026-09-08T00:13:10.225564687+00:00","3","14.037154473568402","2026-09-07T08:02:13.756104846+00:00","31.625825196596622","127.24492468384868","196.5201626299576","198.63622304203506","3.156701898658949","8.981043815612793","6.168614228748221","31.630502917634317","39.90823745727539","-158.72798558475967","ok","sparse","hs_above_validated_p95","{}","2026-09-07T09:07:48+00:00","no_land_detected","false"
"6d392363-4cc4-4e20-b8b4-d79d20550500","2026-09-11T15:41:00.862661+00:00","20260906T18","2026-09-07T01:25:41+00:00","기준","covered","14","2026-09-06T18:00:00+00:00","2026-09-08T00:13:10.225564687+00:00","3","14.39005658411088","2026-09-07T08:23:24.203702799+00:00","31.547626059017603","127.21413114788702","201.46079217755232","198.6200937360474","3.1671889568820313","9.004268646240234","6.174631241096507","31.671434180003587","38.3196907043457","-160.3004030317017","ok","sparse","hs_above_validated_p95","{}","2026-09-07T09:07:48+00:00","no_land_detected","false"
"6d392363-4cc4-4e20-b8b4-d79d20550500","2026-09-11T15:41:00.862661+00:00","20260906T18","2026-09-07T01:25:41+00:00","기준","covered","14","2026-09-06T18:00:00+00:00","2026-09-08T00:13:10.225564687+00:00","3","14.742958694653355","2026-09-07T08:44:34.651300752+00:00","31.469418560811434","127.18338892631033","206.40142172514697","198.60402706669674","3.178690911276926","9.004268646240234","6.183432979474973","31.74356062437579","38.3196907043457","-160.28433636235104","ok","sparse","hs_above_validated_p95","{}","2026-09-07T09:07:48+00:00","no_land_detected","false"
"6d392363-4cc4-4e20-b8b4-d79d20550500","2026-09-11T15:41:00.862661+00:00","20260906T18","2026-09-07T01:25:41+00:00","기준","covered","14","2026-09-06T18:00:00+00:00","2026-09-08T00:13:10.225564687+00:00","3","15.095860805195832","2026-09-07T09:05:45.098898704+00:00","31.391202737916352","127.15269778206952","211.34205127274166","198.5880228246902","3.189811117567106","9.004268646240234","6.193145827116592","31.864239228062047","38.3196907043457","-160.2683321203445","ok","sparse","hs_above_validated_p95","{}","2026-09-07T09:07:48+00:00","no_land_detected","false"
"6d392363-4cc4-4e20-b8b4-d79d20550500","2026-09-11T15:41:00.862661+00:00","20260906T18","2026-09-07T01:25:41+00:00","기준","covered","14","2026-09-06T18:00:00+00:00","2026-09-08T00:13:10.225564687+00:00","3","15.44876291573831","2026-09-07T09:26:55.546496657+00:00","31.31297862611337","127.12205747920407","216.28268082033634","198.57208080188784","3.185176511779199","9.078028678894043","6.2030982543653685","31.964732418083315","40.234981536865234","-158.3370992650226","ok","sparse","hs_above_validated_p95","{}","2026-09-07T09:07:48+00:00","no_land_detected","false"
"6d392363-4cc4-4e20-b8b4-d79d20550500","2026-09-11T15:41:00.862661+00:00","20260906T18","2026-09-07T01:25:41+00:00","기준","covered","14","2026-09-06T18:00:00+00:00","2026-09-08T00:13:10.225564687+00:00","3","15.801665026280787","2026-09-07T09:48:05.994094610+00:00","31.23474626102735","127.09146778283517","221.22331036793102","198.55620079129568","3.1846158819407577","9.078028678894043","6.217723523447374","32.178584938775316","40.234981536865234","-158.32121925443045","ok","sparse","hs_above_validated_p95","{}","2026-09-07T09:07:48+00:00","no_land_detected","false"
"6d392363-4cc4-4e20-b8b4-d79d20550500","2026-09-11T15:41:00.862661+00:00","20260906T18","2026-09-07T01:25:41+00:00","기준","covered","14","2026-09-06T18:00:00+00:00","2026-09-08T00:13:10.225564687+00:00","3","16.154567136823264","2026-09-07T10:09:16.441692563+00:00","31.156505678128074","127.06092845915873","226.1639399155257","198.5403825870593","3.2004498094391503","9.078028678894043","6.246469548322363","32.91587620820002","40.234981536865234","-158.30540105019406","ok","sparse","hs_above_validated_p95","{}","2026-09-07T09:07:48+00:00","no_land_detected","false"
"6d392363-4cc4-4e20-b8b4-d79d20550500","2026-09-11T15:41:00.862661+00:00","20260906T18","2026-09-07T01:25:41+00:00","기준","covered","14","2026-09-06T18:00:00+00:00","2026-09-08T00:13:10.225564687+00:00","3","16.50746924736574","2026-09-07T10:30:26.889290516+00:00","31.078256912731334","127.03043927543867","231.10456946312038","198.5246259844571","3.218049442066105","9.208939552307129","6.276010827734011","33.67811527606182","41.127784729003906","-157.39684125545318","ok","sparse","hs_above_validated_p95","{}","2026-09-07T09:07:48+00:00","no_land_detected","false"
"6d392363-4cc4-4e20-b8b4-d79d20550500","2026-09-11T15:41:00.862661+00:00","20260906T18","2026-09-07T01:25:41+00:00","기준","covered","14","2026-09-06T18:00:00+00:00","2026-09-08T00:13:10.225564687+00:00","3","16.860371357908218","2026-09-07T10:51:37.336888469+00:00","31.000000000000007","127","236.04519901071507","198.50893077989366","3.2381791113739915","9.30650806427002","6.306839540986329","34.45052596215379","45.99778366088867","-152.511147119005","ok","sparse","hs_above_validated_p95","{}","2026-09-07T12:03:00+00:00","no_land_detected","false"
"6d392363-4cc4-4e20-b8b4-d79d20550500","2026-09-11T15:41:00.862661+00:00","20260906T18","2026-09-07T01:25:41+00:00","기준","covered","14","2026-09-06T18:00:00+00:00","2026-09-08T00:13:10.225564687+00:00","3","17.21192756168174","2026-09-07T11:12:42.939222054+00:00","30.921169237485692","126.97290708835524","240.96698586354435","196.491130757544","3.2232882278839927","9.30650806427002","6.297393261305628","33.89100981635488","45.99778366088867","-150.49334709665533","ok","sparse","hs_above_validated_p95","{}","2026-09-07T12:03:00+00:00","no_land_detected","false"
"6d392363-4cc4-4e20-b8b4-d79d20550500","2026-09-11T15:41:00.862661+00:00","20260906T18","2026-09-07T01:25:41+00:00","기준","covered","14","2026-09-06T18:00:00+00:00","2026-09-08T00:13:10.225564687+00:00","3","17.56348376545526","2026-09-07T11:33:48.541555638+00:00","30.84233184676872","126.9458585776122","245.88877271637364","196.47724762117937","3.206134207205107","9.236753463745117","6.28842068028913","33.347340170631014","41.817832946777344","-154.65941467440203","ok","sparse","hs_above_validated_p95","{}","2026-09-07T12:03:00+00:00","no_land_detected","false"
"6d392363-4cc4-4e20-b8b4-d79d20550500","2026-09-11T15:41:00.862661+00:00","20260906T18","2026-09-07T01:25:41+00:00","기준","covered","14","2026-09-06T18:00:00+00:00","2026-09-08T00:13:10.225564687+00:00","3","17.915039969228783","2026-09-07T11:54:54.143889223+00:00","30.76348785593927","126.91885426021376","250.81055956920295","196.46341907165447","3.1874478442137226","9.236753463745117","6.279068641062765","32.78940224144924","41.817832946777344","-154.64558612487713","ok","sparse","hs_above_validated_p95","{}","2026-09-07T12:03:00+00:00","no_land_detected","false"
"6d392363-4cc4-4e20-b8b4-d79d20550500","2026-09-11T15:41:00.862661+00:00","20260906T18","2026-09-07T01:25:41+00:00","기준","covered","14","2026-09-06T18:00:00+00:00","2026-09-08T00:13:10.225564687+00:00","3","18.266596173002302","2026-09-07T12:15:59.746222808+00:00","30.68463729296868","126.89189392956162","255.73234642203224","196.4496449277993","3.1824512548769266","9.236753463745117","6.311936499067222","33.44484056068626","41.817832946777344","-154.63181198102197","ok","sparse","hs_above_validated_p95","{}","2026-09-07T12:03:00+00:00","no_land_detected","false"
"6d392363-4cc4-4e20-b8b4-d79d20550500","2026-09-11T15:41:00.862661+00:00","20260906T18","2026-09-07T01:25:41+00:00","기준","covered","14","2026-09-06T18:00:00+00:00","2026-09-08T00:13:10.225564687+00:00","3","18.61815237677582","2026-09-07T12:37:05.348556392+00:00","30.60578018571027","126.86497738001005","260.6541332748615","196.43592500945638","3.1757921476793367","9.35728931427002","6.352852171486032","34.30699001208518","46.07525634765625","-150.36066866180013","ok","sparse","hs_above_validated_p95","{}","2026-09-07T12:03:00+00:00","no_land_detected","false"
"6d392363-4cc4-4e20-b8b4-d79d20550500","2026-09-11T15:41:00.862661+00:00","20260906T18","2026-09-07T01:25:41+00:00","기준","covered","14","2026-09-06T18:00:00+00:00","2026-09-08T00:13:10.225564687+00:00","3","18.969708580549344","2026-09-07T12:58:10.950889977+00:00","30.526916561900194","126.83810440685969","265.57592012769084","196.42225913747464","3.170376956608961","9.35728931427002","6.394995154666738","35.14050924181811","46.07525634765625","-150.3470027898184","ok","sparse","hs_above_validated_p95","{}","2026-09-07T12:03:00+00:00","no_land_detected","false"
"6d392363-4cc4-4e20-b8b4-d79d20550500","2026-09-11T15:41:00.862661+00:00","20260906T18","2026-09-07T01:25:41+00:00","기준","covered","14","2026-09-06T18:00:00+00:00","2026-09-08T00:13:10.225564687+00:00","3","19.321264784322864","2026-09-07T13:19:16.553223562+00:00","30.448046449158305","126.8112748063514","270.4977069805201","196.4086471337036","3.1295194729849194","9.35728931427002","6.38591223933712","34.584311641914724","46.07525634765625","-150.33339078604735","ok","sparse","hs_above_validated_p95","{}","2026-09-07T12:03:00+00:00","no_land_detected","false"
"6d392363-4cc4-4e20-b8b4-d79d20550500","2026-09-11T15:41:00.862661+00:00","20260906T18","2026-09-07T01:25:41+00:00","기준","covered","14","2026-09-06T18:00:00+00:00","2026-09-08T00:13:10.225564687+00:00","3","19.672820988096387","2026-09-07T13:40:22.155557147+00:00","30.369169874988877","126.78448837566022","275.4194938333494","196.39508882098727","3.07219750139781","9.233025550842285","6.34888261686963","33.2786110741236","42.09675598144531","-154.29833283954196","ok","sparse","hs_above_validated_p95","{}","2026-09-07T15:08:24+00:00","no_land_detected","false"
"6d392363-4cc4-4e20-b8b4-d79d20550500","2026-09-11T15:41:00.862661+00:00","20260906T18","2026-09-07T01:25:41+00:00","기준","covered","14","2026-09-06T18:00:00+00:00","2026-09-08T00:13:10.225564687+00:00","3","20.024377191869906","2026-09-07T14:01:27.757890731+00:00","30.29028686678154","126.75774491288918","280.34128068617866","196.3815840231585","3.017977761082035","9.233025550842285","6.311053180839218","31.923654619183708","42.09675598144531","-154.28482804171318","ok","sparse","hs_above_validated_p95","{}","2026-09-07T15:08:24+00:00","no_land_detected","false"
"6d392363-4cc4-4e20-b8b4-d79d20550500","2026-09-11T15:41:00.862661+00:00","20260906T18","2026-09-07T01:25:41+00:00","기준","covered","14","2026-09-06T18:00:00+00:00","2026-09-08T00:13:10.225564687+00:00","3","20.375933395643425","2026-09-07T14:22:33.360224316+00:00","30.211397451811997","126.73104421706337","285.263067539008","196.3681325650331","2.988341295331154","9.233025550842285","6.304553281092308","31.519978274294203","42.09675598144531","-154.2713765835878","ok","sparse","hs_above_validated_p95","{}","2026-09-07T15:08:24+00:00","no_land_detected","false"
"6d392363-4cc4-4e20-b8b4-d79d20550500","2026-09-11T15:41:00.862661+00:00","20260906T18","2026-09-07T01:25:41+00:00","기준","covered","14","2026-09-06T18:00:00+00:00","2026-09-08T00:13:10.225564687+00:00","3","20.727489599416945","2026-09-07T14:43:38.962557901+00:00","30.132501657242884","126.70438608812395","290.18485439183723","196.35473427240404","2.9820080453340596","9.233025550842285","6.330550164623643","32.14880092214224","42.09675598144531","-154.25797829095873","ok","sparse","hs_above_validated_p95","{}","2026-09-07T15:08:24+00:00","no_land_detected","false"
"6d392363-4cc4-4e20-b8b4-d79d20550500","2026-09-11T15:41:00.862661+00:00","20260906T18","2026-09-07T01:25:41+00:00","기준","covered","14","2026-09-06T18:00:00+00:00","2026-09-08T00:13:10.225564687+00:00","3","21.079045803190468","2026-09-07T15:04:44.564891485+00:00","30.05359951012459","126.67777032692217","295.10664124466655","196.34138897203573","2.975923824048054","9.263819694519043","6.355591452262671","32.75109258906275","43.16789245605469","-153.17349651598104","ok","sparse","hs_above_validated_p95","{}","2026-09-07T15:08:24+00:00","no_land_detected","false"
"6d392363-4cc4-4e20-b8b4-d79d20550500","2026-09-11T15:41:00.862661+00:00","20260906T18","2026-09-07T01:25:41+00:00","기준","covered","14","2026-09-06T18:00:00+00:00","2026-09-08T00:13:10.225564687+00:00","3","21.43060200696399","2026-09-07T15:25:50.167225070+00:00","29.974691037395942","126.65119673521352","300.02842809749586","196.32809649165836","2.9546723919063624","9.263819694519043","6.361402592153025","32.937567811349254","43.16789245605469","-153.16020403560367","ok","sparse","hs_above_validated_p95","{}","2026-09-07T15:08:24+00:00","no_land_detected","false"
"6d392363-4cc4-4e20-b8b4-d79d20550500","2026-09-11T15:41:00.862661+00:00","20260906T18","2026-09-07T01:25:41+00:00","기준","covered","14","2026-09-06T18:00:00+00:00","2026-09-08T00:13:10.225564687+00:00","3","21.78215821073751","2026-09-07T15:46:55.769558655+00:00","29.89577626588512","126.62466511565185","304.9502149503251","196.3148566599623","2.9188307462178673","9.300399780273438","6.350628370641552","32.59547662973358","45.83262252807617","-150.48223413188612","ok","sparse","hs_above_validated_p95","{}","2026-09-07T15:08:24+00:00","no_land_detected","false"
"6d392363-4cc4-4e20-b8b4-d79d20550500","2026-09-11T15:41:00.862661+00:00","20260906T18","2026-09-07T01:25:41+00:00","기준","covered","14","2026-09-06T18:00:00+00:00","2026-09-08T00:13:10.225564687+00:00","3","22.13371441451103","2026-09-07T16:08:01.371892239+00:00","29.816855222310377","126.59817527178355","309.87200180315443","196.30166930659234","2.8879071812687394","9.294126510620117","6.336795284656029","32.19795861187936","43.86382293701172","-152.43784636958063","ok","no_coverage","no_nearby_validation_station|hs_above_validated_p95","{}","2026-09-07T15:08:24+00:00","no_land_detected","false"
"6d392363-4cc4-4e20-b8b4-d79d20550500","2026-09-11T15:41:00.862661+00:00","20260906T18","2026-09-07T01:25:41+00:00","기준","covered","14","2026-09-06T18:00:00+00:00","2026-09-08T00:13:10.225564687+00:00","3","22.48527061828455","2026-09-07T16:29:06.974225824+00:00","29.737927933280776","126.5717270080418","314.7937886559837","196.28853426214238","2.861690230814733","9.294126510620117","6.3212362522684105","31.7777407069363","43.86382293701172","-152.42471132513066","ok","no_coverage","no_nearby_validation_station|hs_above_validated_p95","{}","2026-09-07T15:08:24+00:00","no_land_detected","false"
"6d392363-4cc4-4e20-b8b4-d79d20550500","2026-09-11T15:41:00.862661+00:00","20260906T18","2026-09-07T01:25:41+00:00","기준","covered","14","2026-09-06T18:00:00+00:00","2026-09-08T00:13:10.225564687+00:00","3","22.83682682205807","2026-09-07T16:50:12.576559409+00:00","29.65899442529707","126.54532012974083","319.715575508813","196.2754513581497","2.839113046704496","9.256853103637695","6.306990593816962","31.47649286568162","42.506195068359375","-153.76925628979032","ok","no_coverage","no_nearby_validation_station|hs_above_validated_p95","{}","2026-09-07T18:03:36+00:00","no_land_detected","false"
"6d392363-4cc4-4e20-b8b4-d79d20550500","2026-09-11T15:41:00.862661+00:00","20260906T18","2026-09-07T01:25:41+00:00","기준","covered","14","2026-09-06T18:00:00+00:00","2026-09-08T00:13:10.225564687+00:00","3","23.188383025831595","2026-09-07T17:11:18.178892993+00:00","29.580054724752348","126.51895444307017","324.6373623616423","196.26242042708958","2.8190761646705766","9.272200584411621","6.291985236686286","31.146946851393977","40.81211853027344","-155.45030189681614","ok","no_coverage","no_nearby_validation_station|hs_above_validated_p95","{}","2026-09-07T18:03:36+00:00","no_land_detected","false"
"6d392363-4cc4-4e20-b8b4-d79d20550500","2026-09-11T15:41:00.862661+00:00","20260906T18","2026-09-07T01:25:41+00:00","기준","covered","14","2026-09-06T18:00:00+00:00","2026-09-08T00:13:10.225564687+00:00","3","23.539939229605114","2026-09-07T17:32:23.781226578+00:00","29.501108857932874","126.49262975508911","329.5591492144716","196.24944130236983","2.8016412847640706","9.272200584411621","6.2750829768253995","30.777464917142197","40.81211853027344","-155.4373227720964","ok","no_coverage","no_nearby_validation_station|hs_above_validated_p95","{}","2026-09-07T18:03:36+00:00","no_land_detected","false"
"6d392363-4cc4-4e20-b8b4-d79d20550500","2026-09-11T15:41:00.862661+00:00","20260906T18","2026-09-07T01:25:41+00:00","기준","covered","14","2026-09-06T18:00:00+00:00","2026-09-08T00:13:10.225564687+00:00","3","23.891495433378633","2026-09-07T17:53:29.383560163+00:00","29.422156851018787","126.466345873721","334.4809360673009","196.23651381832542","2.7836202865657618","9.272200584411621","6.250765105005157","30.408738185326115","40.81211853027344","-155.42439528805198","ok","no_coverage","no_nearby_validation_station|hs_above_validated_p95","{}","2026-09-07T18:03:36+00:00","no_land_detected","false"
"6d392363-4cc4-4e20-b8b4-d79d20550500","2026-09-11T15:41:00.862661+00:00","20260906T18","2026-09-07T01:25:41+00:00","기준","covered","14","2026-09-06T18:00:00+00:00","2026-09-08T00:13:10.225564687+00:00","3","24.243051637152153","2026-09-07T18:14:34.985893747+00:00","29.34319873008489","126.44010260774763","339.40272292013015","196.22363781021315","2.7615855489452477","9.28882122039795","6.232172829077414","30.109063324673514","39.10820770263672","-157.11543010757643","ok","no_coverage","no_nearby_validation_station|hs_above_validated_p95","{}","2026-09-07T18:03:36+00:00","no_land_detected","false"
"6d392363-4cc4-4e20-b8b4-d79d20550500","2026-09-11T15:41:00.862661+00:00","20260906T18","2026-09-07T01:25:41+00:00","기준","covered","14","2026-09-06T18:00:00+00:00","2026-09-08T00:13:10.225564687+00:00","3","24.594607840925676","2026-09-07T18:35:40.588227332+00:00","29.26423452110135","126.41389976680387","344.32450977295946","196.21081311420622","2.7382536875626666","9.28882122039795","6.219480934234133","29.845881209889797","39.10820770263672","-157.1026054115695","ok","no_coverage","no_nearby_validation_station|hs_above_validated_p95","{}","2026-09-07T18:03:36+00:00","no_land_detected","false"
"6d392363-4cc4-4e20-b8b4-d79d20550500","2026-09-11T15:41:00.862661+00:00","20260906T18","2026-09-07T01:25:41+00:00","기준","covered","14","2026-09-06T18:00:00+00:00","2026-09-08T00:13:10.225564687+00:00","3","24.9461640446992","2026-09-07T18:56:46.190560917+00:00","29.185264249934498","126.38773716137194","349.2462966257888","196.19803956738915","2.71605532895672","9.28882122039795","6.211999526104609","29.68501661497021","39.10820770263672","-157.08983186475243","ok","no_coverage","no_nearby_validation_station|hs_above_validated_p95","{}","2026-09-07T18:03:36+00:00","no_land_detected","false"
"6d392363-4cc4-4e20-b8b4-d79d20550500","2026-09-11T15:41:00.862661+00:00","20260906T18","2026-09-07T01:25:41+00:00","기준","covered","14","2026-09-06T18:00:00+00:00","2026-09-08T00:13:10.225564687+00:00","3","25.297720248472718","2026-09-07T19:17:51.792894501+00:00","29.106287942347464","126.36161460277614","354.16808347861803","196.18531700775227","2.6948720838363274","9.340821266174316","6.208394827245187","29.550609374298006","40.89104461669922","-155.29427239105306","ok","no_coverage","no_nearby_validation_station|hs_above_validated_p95","{}","2026-09-07T18:03:36+00:00","no_land_detected","false"
"6d392363-4cc4-4e20-b8b4-d79d20550500","2026-09-11T15:41:00.862661+00:00","20260906T18","2026-09-07T01:25:41+00:00","기준","covered","14","2026-09-06T18:00:00+00:00","2026-09-08T00:13:10.225564687+00:00","3","25.649276452246237","2026-09-07T19:38:57.395228086+00:00","29.027305624001","126.33553190317731","359.08987033144734","196.1726452741868","2.6752599188640422","9.290000915527344","6.207917765915909","29.415923316653448","41.14169692993164","-155.03094834425517","ok","no_coverage","no_nearby_validation_station|hs_above_validated_p95","{}","2026-09-07T21:09:36+00:00","no_land_detected","false"
"6d392363-4cc4-4e20-b8b4-d79d20550500","2026-09-11T15:41:00.862661+00:00","20260906T18","2026-09-07T01:25:41+00:00","기준","covered","14","2026-09-06T18:00:00+00:00","2026-09-08T00:13:10.225564687+00:00","3","26.000832656019757","2026-09-07T20:00:02.997561671+00:00","28.94831732045412","126.30948887556752","364.0116571842766","196.1600242064795","2.656783438164357","9.290000915527344","6.200098614076612","29.18275462281042","41.14169692993164","-155.01832727654786","ok","no_coverage","no_nearby_validation_station|hs_above_validated_p95","{}","2026-09-07T21:09:36+00:00","no_land_detected","false"
"6d392363-4cc4-4e20-b8b4-d79d20550500","2026-09-11T15:41:00.862661+00:00","20260906T18","2026-09-07T01:25:41+00:00","기준","covered","14","2026-09-06T18:00:00+00:00","2026-09-08T00:13:10.225564687+00:00","3","26.35238885979328","2026-09-07T20:21:08.599895255+00:00","28.869323057164877","126.28348533376465","368.9334440371059","196.14745364530762","2.638880367461911","9.285604476928711","6.189131847320558","28.88818936501383","39.758201599121094","-156.38925204618653","ok","no_coverage","no_nearby_validation_station|hs_above_validated_p95","{}","2026-09-07T21:09:36+00:00","no_land_detected","false"
"6d392363-4cc4-4e20-b8b4-d79d20550500","2026-09-11T15:41:00.862661+00:00","20260906T18","2026-09-07T01:25:41+00:00","기준","covered","14","2026-09-06T18:00:00+00:00","2026-09-08T00:13:10.225564687+00:00","3","26.703945063566803","2026-09-07T20:42:14.202228840+00:00","28.790322859491027","126.25752109240709","373.8552308899352","196.13493343223382","2.621295367757003","9.285604476928711","6.181923041557703","28.59126248432733","39.758201599121094","-156.37673183311273","ok","no_coverage","no_nearby_validation_station|hs_above_validated_p95","{}","2026-09-07T21:09:36+00:00","no_land_detected","false"
"6d392363-4cc4-4e20-b8b4-d79d20550500","2026-09-11T15:41:00.862661+00:00","20260906T18","2026-09-07T01:25:41+00:00","기준","covered","14","2026-09-06T18:00:00+00:00","2026-09-08T00:13:10.225564687+00:00","3","27.055501267340322","2026-09-07T21:03:19.804562425+00:00","28.71131675269076","126.23159596694856","378.7770177427645","196.12246340970103","2.60382862858883","9.285604476928711","6.180710603249889","28.342113565093143","39.758201599121094","-156.36426181057993","ok","no_coverage","no_nearby_validation_station|hs_above_validated_p95","{}","2026-09-07T21:09:36+00:00","no_land_detected","false"
"6d392363-4cc4-4e20-b8b4-d79d20550500","2026-09-11T15:41:00.862661+00:00","20260906T18","2026-09-07T01:25:41+00:00","기준","covered","14","2026-09-06T18:00:00+00:00","2026-09-08T00:13:10.225564687+00:00","3","27.407057471113838","2026-09-07T21:24:25.406896009+00:00","28.632304761923365","126.20570977365271","383.69880459559374","196.11004342102754","2.587541730176336","9.285604476928711","6.167066124823459","28.16491219900695","39.758201599121094","-156.35184182190645","ok","no_coverage","no_nearby_validation_station|hs_above_validated_p95","{}","2026-09-07T21:09:36+00:00","no_land_detected","false"
"6d392363-4cc4-4e20-b8b4-d79d20550500","2026-09-11T15:41:00.862661+00:00","20260906T18","2026-09-07T01:25:41+00:00","기준","covered","14","2026-09-06T18:00:00+00:00","2026-09-08T00:13:10.225564687+00:00","3","27.75861367488736","2026-09-07T21:45:31.009229594+00:00","28.55328691225","126.17986232958806","388.62059144842306","196.09767331040206","2.572673496188137","9.317122459411621","6.150677564183547","28.02251767058158","38.24309158325195","-157.8545817271501","ok","no_coverage","no_nearby_validation_station|hs_above_validated_p95","{}","2026-09-07T21:09:36+00:00","no_land_detected","false"
"6d392363-4cc4-4e20-b8b4-d79d20550500","2026-09-11T15:41:00.862661+00:00","20260906T18","2026-09-07T01:25:41+00:00","기준","covered","14","2026-09-06T18:00:00+00:00","2026-09-08T00:13:10.225564687+00:00","3","28.110169878660884","2026-09-07T22:06:36.611563179+00:00","28.47426322863426","126.15405345262273","393.54237830125237","196.08535292287863","2.5548387601304396","9.317122459411621","6.134161896426868","27.768363216677187","38.24309158325195","-157.84226133962667","ok","no_coverage","no_nearby_validation_station|hs_above_validated_p95","{}","2026-09-07T21:09:36+00:00","no_land_detected","false"
"6d392363-4cc4-4e20-b8b4-d79d20550500","2026-09-11T15:41:00.862661+00:00","20260906T18","2026-09-07T01:25:41+00:00","기준","covered","14","2026-09-06T18:00:00+00:00","2026-09-08T00:13:10.225564687+00:00","3","28.461726082434406","2026-09-07T22:27:42.213896763+00:00","28.39523373594298","126.12828296141936","398.4641651540817","196.0730821043718","2.527933180338785","9.317122459411621","6.1164941088387055","27.26140476627802","38.24309158325195","-157.82999052111984","ok","no_coverage","no_nearby_validation_station|hs_above_validated_p95","{}","2026-09-07T21:09:36+00:00","no_land_detected","false"
"6d392363-4cc4-4e20-b8b4-d79d20550500","2026-09-11T15:41:00.862661+00:00","20260906T18","2026-09-07T01:25:41+00:00","기준","covered","14","2026-09-06T18:00:00+00:00","2026-09-08T00:13:10.225564687+00:00","3","28.81328228620793","2026-09-07T22:48:47.816230348+00:00","28.316198458946822","126.10255067543","403.385952006911","196.06086070165182","2.5017389236960748","9.296724319458008","6.106950433299968","26.784216185467926","38.9699592590332","-157.09090144261862","ok","no_coverage","no_nearby_validation_station|hs_above_validated_p95","{}","2026-09-08T00:04:48+00:00","no_land_detected","false"
"6d392363-4cc4-4e20-b8b4-d79d20550500","2026-09-11T15:41:00.862661+00:00","20260906T18","2026-09-07T01:25:41+00:00","기준","covered","14","2026-09-06T18:00:00+00:00","2026-09-08T00:13:10.225564687+00:00","3","29.164838489981445","2026-09-07T23:09:53.418563933+00:00","28.23715742232102","126.07685641489101","408.30773885974025","196.0486885623397","2.4772064733287253","9.296724319458008","6.10914459597976","26.44583384652026","38.9699592590332","-157.0787293033065","ok","no_coverage","no_nearby_validation_station|hs_above_validated_p95","{}","2026-09-08T00:04:48+00:00","no_land_detected","false"
"6d392363-4cc4-4e20-b8b4-d79d20550500","2026-09-11T15:41:00.862661+00:00","20260906T18","2026-09-07T01:25:41+00:00","기준","covered","14","2026-09-06T18:00:00+00:00","2026-09-08T00:13:10.225564687+00:00","3","29.516394693754965","2026-09-07T23:30:59.020897517+00:00","28.158110650645998","126.05120000081813","413.2295257125695","196.03656553490248","2.4578013214199674","9.296724319458008","6.133470145395431","26.66722491387071","38.9699592590332","-157.06660627586928","ok","no_coverage","no_nearby_validation_station|hs_above_validated_p95","{}","2026-09-08T00:04:48+00:00","no_land_detected","false"
"6d392363-4cc4-4e20-b8b4-d79d20550500","2026-09-11T15:41:00.862661+00:00","20260906T18","2026-09-07T01:25:41+00:00","기준","covered","14","2026-09-06T18:00:00+00:00","2026-09-08T00:13:10.225564687+00:00","3","29.867950897528488","2026-09-07T23:52:04.623231102+00:00","28.079058168408054","126.02558125500133","418.1513125653988","196.02449146864842","2.4389168129849446","9.311663627624512","6.160954699842772","26.883704582607038","38.977745056152344","-157.04674641249608","ok","no_coverage","no_nearby_validation_station|hs_above_validated_p95","{}","2026-09-08T00:04:48+00:00","no_land_detected","false"
"6d392363-4cc4-4e20-b8b4-d79d20550500","2026-09-11T15:41:00.862661+00:00","20260906T18","2026-09-07T01:25:41+00:00","기준","covered","14","2026-09-06T18:00:00+00:00","2026-09-08T00:13:10.225564687+00:00","3","30.21950710130201","2026-09-08T00:13:10.225564687+00:00","27.999999999999996","126","423.07309941822814","196.01246621372238","2.4190168889046513","9.311663627624512","6.186958945898998","27.10160141281807","38.977745056152344","-157.03472115757003","ok","no_coverage","no_nearby_validation_station|hs_above_validated_p95","{}","2026-09-08T00:04:48+00:00","no_land_detected","false"
"6d392363-4cc4-4e20-b8b4-d79d20550500","2026-09-11T15:41:00.862661+00:00","20260906T18","2026-09-07T01:25:41+00:00","6시간 후 출항","covered","14","2026-09-07T00:00:00+00:00","2026-09-08T06:13:10.225564687+00:00","3","0","2026-09-07T00:00:00+00:00","34.5","129","0","220.07083828676042","3.3803597188240024","8.390199661254883","5.975044419696207","46.62908147166405","50.42345428466797","-169.64738400209245","ok","sparse","hs_above_validated_p95","{}","2026-09-07T00:01:12+00:00","no_land_detected","false"
"6d392363-4cc4-4e20-b8b4-d79d20550500","2026-09-11T15:41:00.862661+00:00","20260906T18","2026-09-07T01:25:41+00:00","6시간 후 출항","covered","14","2026-09-07T00:00:00+00:00","2026-09-08T06:13:10.225564687+00:00","3","0.3479689887843094","2026-09-07T00:20:52.688359623+00:00","34.43774503773482","128.93680803612594","4.871565842980331","220.0350742546741","3.1962789758694763","8.390199661254883","5.820393199609386","45.06212863892483","50.42345428466797","-169.61161997000613","ok","sparse","hs_above_validated_p95","{}","2026-09-07T00:01:12+00:00","no_land_detected","false"
"6d392363-4cc4-4e20-b8b4-d79d20550500","2026-09-11T15:41:00.862661+00:00","20260906T18","2026-09-07T01:25:41+00:00","6시간 후 출항","covered","14","2026-09-07T00:00:00+00:00","2026-09-08T06:13:10.225564687+00:00","3","0.6959379775686187","2026-09-07T00:41:45.376719247+00:00","34.37545683388101","128.87370975805536","9.743131685960662","219.9994198039752","3.074043744270014","8.326077461242676","5.685442504661199","42.981361824001056","56.206172943115234","-163.79324686085997","ok","sparse","hs_above_validated_p95","{}","2026-09-07T00:01:12+00:00","no_land_detected","false"
"6d392363-4cc4-4e20-b8b4-d79d20550500","2026-09-11T15:41:00.862661+00:00","20260906T18","2026-09-07T01:25:41+00:00","6시간 후 출항","covered","14","2026-09-07T00:00:00+00:00","2026-09-08T06:13:10.225564687+00:00","3","1.0439069663529281","2026-09-07T01:02:38.065078870+00:00","34.313135511990005","128.81070485822482","14.614697528940994","219.96387466537237","3.014483114649682","7.728183746337891","5.586236006276997","40.53630753621144","38.60663986206055","178.64276519668817","ok","sparse","hs_above_validated_p95","{}","2026-09-07T00:01:12+00:00","no_land_detected","false"
"6d392363-4cc4-4e20-b8b4-d79d20550500","2026-09-11T15:41:00.862661+00:00","20260906T18","2026-09-07T01:25:41+00:00","6시간 후 출항","covered","14","2026-09-07T00:00:00+00:00","2026-09-08T06:13:10.225564687+00:00","3","1.3918759551372375","2026-09-07T01:23:30.753438494+00:00","34.250781195168095","128.7477930298203","19.486263371921325","219.92843857039207","3.0116987132589985","7.728183746337891","5.528982772429661","37.96921868593779","38.60663986206055","178.67820129166847","ok","sparse","hs_above_validated_p95","{}","2026-09-07T00:01:12+00:00","no_land_detected","false"
"6d392363-4cc4-4e20-b8b4-d79d20550500","2026-09-11T15:41:00.862661+00:00","20260906T18","2026-09-07T01:25:41+00:00","6시간 후 출항","covered","14","2026-09-07T00:00:00+00:00","2026-09-08T06:13:10.225564687+00:00","3","1.7398449439215469","2026-09-07T01:44:23.441798117+00:00","34.18839400607832","128.68497396677677","24.357829214901656","219.89311125137823","3.084496194090528","8.050527572631836","5.637232956410807","40.50127336907008","40.65123748779297","-179.24187376358526","ok","sparse","hs_above_validated_p95","{}","2026-09-07T03:06:36+00:00","no_land_detected","false"
"6d392363-4cc4-4e20-b8b4-d79d20550500","2026-09-11T15:41:00.862661+00:00","20260906T18","2026-09-07T01:25:41+00:00","6시간 후 출항","covered","14","2026-09-07T00:00:00+00:00","2026-09-08T06:13:10.225564687+00:00","3","2.0878139327058562","2026-09-07T02:05:16.130157741+00:00","34.12597406694235","128.6222473637774","29.229395057881987","219.85789244149163","3.1652387214938456","8.218962669372559","5.740846248714814","42.50824573103398","51.39980697631836","-168.45808546517327","ok","sparse","hs_above_validated_p95","{}","2026-09-07T03:06:36+00:00","no_land_detected","false"
"6d392363-4cc4-4e20-b8b4-d79d20550500","2026-09-11T15:41:00.862661+00:00","20260906T18","2026-09-07T01:25:41+00:00","6시간 후 출항","covered","14","2026-09-07T00:00:00+00:00","2026-09-08T06:13:10.225564687+00:00","3","2.4357829214901656","2026-09-07T02:26:08.818517364+00:00","34.063521499542404","128.55961291625292","34.10096090086232","219.82278187470953","3.2520003697050157","8.207308769226074","5.835535790240463","43.926706410032125","47.376773834228516","-172.44600804048102","ok","sparse","hs_above_validated_p95","{}","2026-09-07T03:06:36+00:00","no_land_detected","false"
"6d392363-4cc4-4e20-b8b4-d79d20550500","2026-09-11T15:41:00.862661+00:00","20260906T18","2026-09-07T01:25:41+00:00","6시간 후 출항","covered","14","2026-09-07T00:00:00+00:00","2026-09-08T06:13:10.225564687+00:00","3","2.783751910274475","2026-09-07T02:47:01.506876988+00:00","34.001036425223106","128.49707032038077","38.97252674384265","219.78777928582505","3.34239692180009","8.207308769226074","5.9188751641468045","44.78370070505838","47.376773834228516","-172.41100545159654","ok","sparse","hs_above_validated_p95","{}","2026-09-07T03:06:36+00:00","no_land_detected","false"
"6d392363-4cc4-4e20-b8b4-d79d20550500","2026-09-11T15:41:00.862661+00:00","20260906T18","2026-09-07T01:25:41+00:00","6시간 후 출항","covered","14","2026-09-07T00:00:00+00:00","2026-09-08T06:13:10.225564687+00:00","3","3.1317208990587844","2026-09-07T03:07:54.195236611+00:00","33.938518964893326","128.43461927308445","43.84409258682298","219.75288441044668","3.3497955477955426","8.207308769226074","5.963202410423529","45.280898663038954","47.376773834228516","-172.37611057621817","ok","sparse","hs_above_validated_p95","{}","2026-09-07T03:06:36+00:00","no_land_detected","false"
"6d392363-4cc4-4e20-b8b4-d79d20550500","2026-09-11T15:41:00.862661+00:00","20260906T18","2026-09-07T01:25:41+00:00","6시간 후 출항","covered","14","2026-09-07T00:00:00+00:00","2026-09-08T06:13:10.225564687+00:00","3","3.4796898878430937","2026-09-07T03:28:46.883596235+00:00","33.87596923902814","128.37225947203268","48.71565842980331","219.7180969849977","3.342182335897206","8.283475875854492","5.991335538652974","45.61394442352622","53.78631591796875","-165.93178106702894","ok","sparse","hs_above_validated_p95","{}","2026-09-07T03:06:36+00:00","no_land_detected","false"
"6d392363-4cc4-4e20-b8b4-d79d20550500","2026-09-11T15:41:00.862661+00:00","20260906T18","2026-09-07T01:25:41+00:00","6시간 후 출항","covered","14","2026-09-07T00:00:00+00:00","2026-09-08T06:13:10.225564687+00:00","3","3.827658876627403","2026-09-07T03:49:39.571955858+00:00","33.8133873676706","128.3099906156386","53.587224272783644","219.68341674671555","3.3473396319270203","8.450366973876953","6.017735722273868","45.781912352464985","48.08498001098633","-171.59843673572922","ok","sparse","hs_above_validated_p95","{}","2026-09-07T03:06:36+00:00","no_land_detected","false"
"6d392363-4cc4-4e20-b8b4-d79d20550500","2026-09-11T15:41:00.862661+00:00","20260906T18","2026-09-07T01:25:41+00:00","6시간 후 출항","covered","14","2026-09-07T00:00:00+00:00","2026-09-08T06:13:10.225564687+00:00","3","4.1756278654117125","2026-09-07T04:10:32.260315482+00:00","33.750773470433664","128.24781240305907","58.458790115763975","219.64884343365128","3.3651816620932617","8.450366973876953","6.040413968016235","45.82552787992529","48.08498001098633","-171.56386342266495","ok","sparse","hs_above_validated_p95","{}","2026-09-07T03:06:36+00:00","no_land_detected","false"
"6d392363-4cc4-4e20-b8b4-d79d20550500","2026-09-11T15:41:00.862661+00:00","20260906T18","2026-09-07T01:25:41+00:00","6시간 후 출항","covered","14","2026-09-07T00:00:00+00:00","2026-09-08T06:13:10.225564687+00:00","3","4.523596854196022","2026-09-07T04:31:24.948675105+00:00","33.688127666502005","128.18572453419355","63.330355958744306","219.61437678466896","3.3274605172885994","8.450366973876953","6.059686510629387","46.069215688262034","48.08498001098633","-171.52939677368263","ok","sparse","hs_above_validated_p95","{}","2026-09-07T03:06:36+00:00","no_land_detected","false"
"6d392363-4cc4-4e20-b8b4-d79d20550500","2026-09-11T15:41:00.862661+00:00","20260906T18","2026-09-07T01:25:41+00:00","6시간 후 출항","covered","14","2026-09-07T00:00:00+00:00","2026-09-08T06:13:10.225564687+00:00","3","4.871565842980331","2026-09-07T04:52:17.637034729+00:00","33.625450074633854","128.12372670968352","68.20192180172464","219.58001653944487","3.30447848140143","8.463862419128418","6.083765308640597","46.21660301840092","53.54889678955078","-166.0311197498941","ok","sparse","hs_above_validated_p95","{}","2026-09-07T06:01:48+00:00","no_land_detected","false"
"6d392363-4cc4-4e20-b8b4-d79d20550500","2026-09-11T15:41:00.862661+00:00","20260906T18","2026-09-07T01:25:41+00:00","6시간 후 출항","covered","14","2026-09-07T00:00:00+00:00","2026-09-08T06:13:10.225564687+00:00","3","5.219534831764641","2026-09-07T05:13:10.325394352+00:00","33.56274081316289","128.06181863091146","73.07348764470497","219.54576243846697","3.2979431289076544","8.5489501953125","6.110835772998292","46.275074669873106","48.347904205322266","-171.1978582331447","ok","sparse","hs_above_validated_p95","{}","2026-09-07T06:01:48+00:00","no_land_detected","false"
"6d392363-4cc4-4e20-b8b4-d79d20550500","2026-09-11T15:41:00.862661+00:00","20260906T18","2026-09-07T01:25:41+00:00","6시간 후 출항","covered","14","2026-09-07T00:00:00+00:00","2026-09-08T06:13:10.225564687+00:00","3","5.56750382054895","2026-09-07T05:34:03.013753976+00:00","33.5","128","77.9450534876853","219.5116142230342","3.3090936828649316","8.5489501953125","6.138806505875474","46.259254203308444","48.347904205322266","-171.16371001771194","ok","sparse","hs_above_validated_p95","{}","2026-09-07T06:01:48+00:00","no_land_detected","false"
"6d392363-4cc4-4e20-b8b4-d79d20550500","2026-09-11T15:41:00.862661+00:00","20260906T18","2026-09-07T01:25:41+00:00","6시간 후 출항","covered","14","2026-09-07T00:00:00+00:00","2026-09-08T06:13:10.225564687+00:00","3","5.920405931091428","2026-09-07T05:55:13.461351929+00:00","33.42201272776678","127.96790084713574","82.88568303527998","199.0249839606299","3.288000089149844","8.5489501953125","6.15249917920828","45.45064669098264","48.347904205322266","-150.67707975530763","ok","sparse","hs_above_validated_p95","{}","2026-09-07T06:01:48+00:00","no_land_detected","false"
"6d392363-4cc4-4e20-b8b4-d79d20550500","2026-09-11T15:41:00.862661+00:00","20260906T18","2026-09-07T01:25:41+00:00","6시간 후 출항","covered","14","2026-09-07T00:00:00+00:00","2026-09-08T06:13:10.225564687+00:00","3","6.273308041633904","2026-09-07T06:16:23.908949882+00:00","33.344016182228344","127.93585904331944","87.82631258287466","199.00735349125327","3.2709536256556953","8.634417533874512","6.158416806543447","44.816596612156786","44.061763763427734","-154.94558972782553","ok","sparse","hs_above_validated_p95","{}","2026-09-07T06:01:48+00:00","no_land_detected","false"
"6d392363-4cc4-4e20-b8b4-d79d20550500","2026-09-11T15:41:00.862661+00:00","20260906T18","2026-09-07T01:25:41+00:00","6시간 후 출항","covered","14","2026-09-07T00:00:00+00:00","2026-09-08T06:13:10.225564687+00:00","3","6.626210152176382","2026-09-07T06:37:34.356547834+00:00","33.266010403446536","127.9038743231645","92.76694213046935","198.989790806624","3.2590511306442207","8.634417533874512","6.159322009888317","44.251132976341296","44.061763763427734","-154.92802704319627","ok","sparse","hs_above_validated_p95","{}","2026-09-07T06:01:48+00:00","no_land_detected","false"
"6d392363-4cc4-4e20-b8b4-d79d20550500","2026-09-11T15:41:00.862661+00:00","20260906T18","2026-09-07T01:25:41+00:00","6시간 후 출항","covered","14","2026-09-07T00:00:00+00:00","2026-09-08T06:13:10.225564687+00:00","3","6.979112262718859","2026-09-07T06:58:44.804145787+00:00","33.18799543129717","127.87194642255469","97.70757167806403","198.97229566896434","3.229856884375797","8.703365325927734","6.159282809041853","43.60224382126023","48.541412353515625","-150.4308833154487","ok","sparse","hs_above_validated_p95","{}","2026-09-07T06:01:48+00:00","no_land_detected","false"
"6d392363-4cc4-4e20-b8b4-d79d20550500","2026-09-11T15:41:00.862661+00:00","20260906T18","2026-09-07T01:25:41+00:00","6시간 후 출항","covered","14","2026-09-07T00:00:00+00:00","2026-09-08T06:13:10.225564687+00:00","3","7.3320143732613365","2026-09-07T07:19:55.251743740+00:00","33.109971305471284","127.84007507863589","102.64820122565871","198.95486784181793","3.2044669321047037","8.776357650756836","6.160085163900178","42.884444654342076","43.92793655395508","-155.02693128786285","ok","sparse","hs_above_validated_p95","{}","2026-09-07T06:01:48+00:00","no_land_detected","false"
"6d392363-4cc4-4e20-b8b4-d79d20550500","2026-09-11T15:41:00.862661+00:00","20260906T18","2026-09-07T01:25:41+00:00","6시간 후 출항","covered","14","2026-09-07T00:00:00+00:00","2026-09-08T06:13:10.225564687+00:00","3","7.684916483803812","2026-09-07T07:41:05.699341693+00:00","33.0319380654765","127.80826002980803","107.58883077325338","198.93750709004203","3.1897943181776567","8.692133903503418","6.160779231947321","42.158227927462235","45.43162155151367","-153.50588553852836","ok","sparse","hs_above_validated_p95","{}","2026-09-07T09:07:48+00:00","no_land_detected","false"
"6d392363-4cc4-4e20-b8b4-d79d20550500","2026-09-11T15:41:00.862661+00:00","20260906T18","2026-09-07T01:25:41+00:00","6시간 후 출항","covered","14","2026-09-07T00:00:00+00:00","2026-09-08T06:13:10.225564687+00:00","3","8.03781859434629","2026-09-07T08:02:16.146939646+00:00","32.95389575063822","127.77650101571689","112.52946032084806","198.92021317979956","3.160108740742708","8.692133903503418","6.151689613351113","41.32992766465151","45.43162155151367","-153.4885916282859","ok","sparse","hs_above_validated_p95","{}","2026-09-07T09:07:48+00:00","no_land_detected","false"
"6d392363-4cc4-4e20-b8b4-d79d20550500","2026-09-11T15:41:00.862661+00:00","20260906T18","2026-09-07T01:25:41+00:00","6시간 후 출항","covered","14","2026-09-07T00:00:00+00:00","2026-09-08T06:13:10.225564687+00:00","3","8.390720704888768","2026-09-07T08:23:26.594537599+00:00","32.87584440010099","127.74479777724623","117.47008986844274","198.9029858785513","3.1210714553088965","8.692133903503418","6.142387072604801","40.36094572397576","45.43162155151367","-153.47136432703763","ok","sparse","hs_above_validated_p95","{}","2026-09-07T09:07:48+00:00","no_land_detected","false"
"6d392363-4cc4-4e20-b8b4-d79d20550500","2026-09-11T15:41:00.862661+00:00","20260906T18","2026-09-07T01:25:41+00:00","6시간 후 출항","covered","14","2026-09-07T00:00:00+00:00","2026-09-08T06:13:10.225564687+00:00","3","8.743622815431245","2026-09-07T08:44:37.042135552+00:00","32.797784052829755","127.71315005650966","122.41071941603742","198.88582495504807","3.0874732564077574","8.799046516418457","6.139884936544019","39.32648361490533","40.634315490722656","-158.2515094643254","ok","sparse","hs_above_validated_p95","{}","2026-09-07T09:07:48+00:00","no_land_detected","false"
"6d392363-4cc4-4e20-b8b4-d79d20550500","2026-09-11T15:41:00.862661+00:00","20260906T18","2026-09-07T01:25:41+00:00","6시간 후 출항","covered","14","2026-09-07T00:00:00+00:00","2026-09-08T06:13:10.225564687+00:00","3","9.096524925973721","2026-09-07T09:05:47.489733505+00:00","32.7197147476111","127.68155759684285","127.3513489636321","198.86873017932314","3.059346496670077","8.799046516418457","6.140212400882826","38.56252877467324","40.634315490722656","-158.23441468860048","ok","sparse","hs_above_validated_p95","{}","2026-09-07T09:07:48+00:00","no_land_detected","false"
"6d392363-4cc4-4e20-b8b4-d79d20550500","2026-09-11T15:41:00.862661+00:00","20260906T18","2026-09-07T01:25:41+00:00","6시간 후 출항","covered","14","2026-09-07T00:00:00+00:00","2026-09-08T06:13:10.225564687+00:00","3","9.449427036516198","2026-09-07T09:26:57.937331458+00:00","32.64163652305446","127.65002014279557","132.29197851122677","198.85170132268445","3.0199288641972446","8.799046516418457","6.129000005698848","38.28415683646119","40.634315490722656","-158.2173858319618","ok","sparse","hs_above_validated_p95","{}","2026-09-07T09:07:48+00:00","no_land_detected","false"
"6d392363-4cc4-4e20-b8b4-d79d20550500","2026-09-11T15:41:00.862661+00:00","20260906T18","2026-09-07T01:25:41+00:00","6시간 후 출항","covered","14","2026-09-07T00:00:00+00:00","2026-09-08T06:13:10.225564687+00:00","3","9.802329147058675","2026-09-07T09:48:08.384929411+00:00","32.56354941759346","127.61853744012399","137.23260805882146","198.8347381577071","2.9828566123168025","9.002634048461914","6.124464318038375","37.995949645382154","43.37115478515625","-155.46358337255086","ok","sparse","hs_above_validated_p95","{}","2026-09-07T09:07:48+00:00","no_land_detected","false"
"6d392363-4cc4-4e20-b8b4-d79d20550500","2026-09-11T15:41:00.862661+00:00","20260906T18","2026-09-07T01:25:41+00:00","6시간 후 출항","covered","14","2026-09-07T00:00:00+00:00","2026-09-08T06:13:10.225564687+00:00","3","10.155231257601153","2026-09-07T10:09:18.832527364+00:00","32.48545346948705","127.58710923578285","142.17323760641614","198.81784045822582","2.9504798855282846","9.002634048461914","6.124003435728905","37.71606918978432","43.37115478515625","-155.44668567306957","ok","sparse","hs_above_validated_p95","{}","2026-09-07T09:07:48+00:00","no_land_detected","false"
"6d392363-4cc4-4e20-b8b4-d79d20550500","2026-09-11T15:41:00.862661+00:00","20260906T18","2026-09-07T01:25:41+00:00","6시간 후 출항","covered","14","2026-09-07T00:00:00+00:00","2026-09-08T06:13:10.225564687+00:00","3","10.50813336814363","2026-09-07T10:30:29.280125317+00:00","32.40734871682076","127.55573527791778","147.11386715401082","198.80100799932734","2.9285034992250525","9.002634048461914","6.110865995627733","37.50030261668962","43.37115478515625","-155.4298532141711","ok","sparse","hs_above_validated_p95","{}","2026-09-07T09:07:48+00:00","no_land_detected","false"
"6d392363-4cc4-4e20-b8b4-d79d20550500","2026-09-11T15:41:00.862661+00:00","20260906T18","2026-09-07T01:25:41+00:00","6시간 후 출항","covered","14","2026-09-07T00:00:00+00:00","2026-09-08T06:13:10.225564687+00:00","3","10.861035478686107","2026-09-07T10:51:39.727723269+00:00","32.32923519750799","127.52441531585772","152.0544967016055","198.7842405573432","2.9071145344401312","8.803698539733887","6.10202823802208","37.24768527810727","40.50657653808594","-158.27766401925726","ok","sparse","hs_above_validated_p95","{}","2026-09-07T12:03:00+00:00","no_land_detected","false"
"6d392363-4cc4-4e20-b8b4-d79d20550500","2026-09-11T15:41:00.862661+00:00","20260906T18","2026-09-07T01:25:41+00:00","6시간 후 출항","covered","14","2026-09-07T00:00:00+00:00","2026-09-08T06:13:10.225564687+00:00","3","11.213937589228584","2026-09-07T11:12:50.175321222+00:00","32.251112949291056","127.49314910010722","156.99512624920018","198.76753790984216","2.886276004729102","8.803698539733887","6.098000875631228","36.99843593924061","40.50657653808594","-158.26096137175622","ok","sparse","hs_above_validated_p95","{}","2026-09-07T12:03:00+00:00","no_land_detected","false"
"6d392363-4cc4-4e20-b8b4-d79d20550500","2026-09-11T15:41:00.862661+00:00","20260906T18","2026-09-07T01:25:41+00:00","6시간 후 출항","covered","14","2026-09-07T00:00:00+00:00","2026-09-08T06:13:10.225564687+00:00","3","11.566839699771062","2026-09-07T11:34:00.622919175+00:00","32.17298200974252","127.46193638233902","161.93575579679487","198.75089983562293","2.8831015381408136","8.803698539733887","6.098866778121108","37.08932127056789","40.50657653808594","-158.244323297537","ok","sparse","hs_above_validated_p95","{}","2026-09-07T12:03:00+00:00","no_land_detected","false"
"6d392363-4cc4-4e20-b8b4-d79d20550500","2026-09-11T15:41:00.862661+00:00","20260906T18","2026-09-07T01:25:41+00:00","6시간 후 출항","covered","14","2026-09-07T00:00:00+00:00","2026-09-08T06:13:10.225564687+00:00","3","11.919741810313539","2026-09-07T11:55:11.070517128+00:00","32.0948424162663","127.43077691538646","166.87638534438955","198.73432611470705","2.8850901613521804","8.83458423614502","6.097751976487086","37.156888645120034","37.911720275878906","-160.82260583882814","ok","sparse","hs_above_validated_p95","{}","2026-09-07T12:03:00+00:00","no_land_detected","false"
"6d392363-4cc4-4e20-b8b4-d79d20550500","2026-09-11T15:41:00.862661+00:00","20260906T18","2026-09-07T01:25:41+00:00","6시간 후 출항","covered","14","2026-09-07T00:00:00+00:00","2026-09-08T06:13:10.225564687+00:00","3","12.272643920856016","2026-09-07T12:16:21.518115081+00:00","32.016694206098904","127.39967045323615","171.81701489198423","198.71781652833138","2.8937242028355876","8.83458423614502","6.0882421046473585","37.156762108176224","37.911720275878906","-160.80609625245248","ok","sparse","hs_above_validated_p95","{}","2026-09-07T12:03:00+00:00","no_land_detected","false"
"6d392363-4cc4-4e20-b8b4-d79d20550500","2026-09-11T15:41:00.862661+00:00","20260906T18","2026-09-07T01:25:41+00:00","6시간 후 출항","covered","14","2026-09-07T00:00:00+00:00","2026-09-08T06:13:10.225564687+00:00","3","12.625546031398494","2026-09-07T12:37:31.965713034+00:00","31.938537416310528","127.36861675102053","176.7576444395789","198.7013708589412","2.903991182557568","8.997906684875488","6.086152369491493","37.18985864693923","43.20991897583008","-155.49145188311113","ok","sparse","hs_above_validated_p95","{}","2026-09-07T12:03:00+00:00","no_land_detected","false"
"6d392363-4cc4-4e20-b8b4-d79d20550500","2026-09-11T15:41:00.862661+00:00","20260906T18","2026-09-07T01:25:41+00:00","6시간 후 출항","covered","14","2026-09-07T00:00:00+00:00","2026-09-08T06:13:10.225564687+00:00","3","12.978448141940971","2026-09-07T12:58:42.413310987+00:00","31.860372083806272","127.3376155650105","181.6982739871736","198.684988890183","2.911386738712197","9.016670227050781","6.093934910763187","37.24681372227241","41.88607406616211","-156.7989148240209","ok","sparse","hs_above_validated_p95","{}","2026-09-07T12:03:00+00:00","no_land_detected","false"
"6d392363-4cc4-4e20-b8b4-d79d20550500","2026-09-11T15:41:00.862661+00:00","20260906T18","2026-09-07T01:25:41+00:00","6시간 후 출항","covered","14","2026-09-07T00:00:00+00:00","2026-09-08T06:13:10.225564687+00:00","3","13.331350252483446","2026-09-07T13:19:52.860908940+00:00","31.78219824532728","127.30666665260826","186.63890353476825","198.6686704068974","2.916699454160162","9.016670227050781","6.105929832077571","37.32468848468682","41.88607406616211","-156.7825963407353","ok","sparse","hs_above_validated_p95","{}","2026-09-07T12:03:00+00:00","no_land_detected","false"
"6d392363-4cc4-4e20-b8b4-d79d20550500","2026-09-11T15:41:00.862661+00:00","20260906T18","2026-09-07T01:25:41+00:00","6시간 후 출항","covered","14","2026-09-07T00:00:00+00:00","2026-09-08T06:13:10.225564687+00:00","3","13.684252363025925","2026-09-07T13:41:03.308506893+00:00","31.704015937451857","127.27576977233998","191.57953308236296","198.6524151951121","2.916449643524494","8.980154037475586","6.1235027201225325","37.54911075776255","50.20616912841797","-148.44624606669413","ok","sparse","hs_above_validated_p95","{}","2026-09-07T15:08:24+00:00","no_land_detected","false"
"6d392363-4cc4-4e20-b8b4-d79d20550500","2026-09-11T15:41:00.862661+00:00","20260906T18","2026-09-07T01:25:41+00:00","6시간 후 출항","covered","14","2026-09-07T00:00:00+00:00","2026-09-08T06:13:10.225564687+00:00","3","14.037154473568402","2026-09-07T14:02:13.756104846+00:00","31.625825196596622","127.24492468384868","196.5201626299576","198.63622304203506","2.912859730929208","8.980154037475586","6.145813844870991","37.91882696377195","50.20616912841797","-148.4300539136171","ok","sparse","hs_above_validated_p95","{}","2026-09-07T15:08:24+00:00","no_land_detected","false"
"6d392363-4cc4-4e20-b8b4-d79d20550500","2026-09-11T15:41:00.862661+00:00","20260906T18","2026-09-07T01:25:41+00:00","6시간 후 출항","covered","14","2026-09-07T00:00:00+00:00","2026-09-08T06:13:10.225564687+00:00","3","14.39005658411088","2026-09-07T14:23:24.203702799+00:00","31.547626059017603","127.21413114788702","201.46079217755232","198.6200937360474","2.9145958084544397","9.066019058227539","6.1649080436088735","38.27399128636864","50.347740173339844","-148.27235356270756","ok","sparse","hs_above_validated_p95","{}","2026-09-07T15:08:24+00:00","no_land_detected","false"
"6d392363-4cc4-4e20-b8b4-d79d20550500","2026-09-11T15:41:00.862661+00:00","20260906T18","2026-09-07T01:25:41+00:00","6시간 후 출항","covered","14","2026-09-07T00:00:00+00:00","2026-09-08T06:13:10.225564687+00:00","3","14.742958694653355","2026-09-07T14:44:34.651300752+00:00","31.469418560811434","127.18338892631033","206.40142172514697","198.60402706669674","2.916149583418381","9.066019058227539","6.180323600999121","38.55582533184821","50.347740173339844","-148.2562868933569","ok","sparse","hs_above_validated_p95","{}","2026-09-07T15:08:24+00:00","no_land_detected","false"
"6d392363-4cc4-4e20-b8b4-d79d20550500","2026-09-11T15:41:00.862661+00:00","20260906T18","2026-09-07T01:25:41+00:00","6시간 후 출항","covered","14","2026-09-07T00:00:00+00:00","2026-09-08T06:13:10.225564687+00:00","3","15.095860805195832","2026-09-07T15:05:45.098898704+00:00","31.391202737916352","127.15269778206952","211.34205127274166","198.5880228246902","2.9136763883228154","9.066019058227539","6.194464021342277","38.76616239569671","50.347740173339844","-148.24028265135036","ok","sparse","hs_above_validated_p95","{}","2026-09-07T15:08:24+00:00","no_land_detected","false"
"6d392363-4cc4-4e20-b8b4-d79d20550500","2026-09-11T15:41:00.862661+00:00","20260906T18","2026-09-07T01:25:41+00:00","6시간 후 출항","covered","14","2026-09-07T00:00:00+00:00","2026-09-08T06:13:10.225564687+00:00","3","15.44876291573831","2026-09-07T15:26:55.546496657+00:00","31.31297862611337","127.12205747920407","216.28268082033634","198.57208080188784","2.906822436413866","9.177589416503906","6.2027362223412235","38.69414039864563","51.63338088989258","-146.93869991199526","ok","sparse","hs_above_validated_p95","{}","2026-09-07T15:08:24+00:00","no_land_detected","false"
"6d392363-4cc4-4e20-b8b4-d79d20550500","2026-09-11T15:41:00.862661+00:00","20260906T18","2026-09-07T01:25:41+00:00","6시간 후 출항","covered","14","2026-09-07T00:00:00+00:00","2026-09-08T06:13:10.225564687+00:00","3","15.801665026280787","2026-09-07T15:48:05.994094610+00:00","31.23474626102735","127.09146778283517","221.22331036793102","198.55620079129568","2.9016320013252077","9.177589416503906","6.213287475948775","38.709908434834915","51.63338088989258","-146.9228199014031","ok","sparse","hs_above_validated_p95","{}","2026-09-07T15:08:24+00:00","no_land_detected","false"
"6d392363-4cc4-4e20-b8b4-d79d20550500","2026-09-11T15:41:00.862661+00:00","20260906T18","2026-09-07T01:25:41+00:00","6시간 후 출항","covered","14","2026-09-07T00:00:00+00:00","2026-09-08T06:13:10.225564687+00:00","3","16.154567136823264","2026-09-07T16:09:16.441692563+00:00","31.156505678128074","127.06092845915873","226.1639399155257","198.5403825870593","2.9070224215489313","9.177589416503906","6.240733327908243","39.28439883859721","51.63338088989258","-146.90700169716672","ok","sparse","hs_above_validated_p95","{}","2026-09-07T15:08:24+00:00","no_land_detected","false"
"6d392363-4cc4-4e20-b8b4-d79d20550500","2026-09-11T15:41:00.862661+00:00","20260906T18","2026-09-07T01:25:41+00:00","6시간 후 출항","covered","14","2026-09-07T00:00:00+00:00","2026-09-08T06:13:10.225564687+00:00","3","16.50746924736574","2026-09-07T16:30:26.889290516+00:00","31.078256912731334","127.03043927543867","231.10456946312038","198.5246259844571","2.9118484828554285","9.24970817565918","6.26862105179811","39.86485195623328","53.49171447753906","-145.03291150691803","ok","sparse","hs_above_validated_p95","{}","2026-09-07T15:08:24+00:00","no_land_detected","false"
"6d392363-4cc4-4e20-b8b4-d79d20550500","2026-09-11T15:41:00.862661+00:00","20260906T18","2026-09-07T01:25:41+00:00","6시간 후 출항","covered","14","2026-09-07T00:00:00+00:00","2026-09-08T06:13:10.225564687+00:00","3","16.860371357908218","2026-09-07T16:51:37.336888469+00:00","31.000000000000007","127","236.04519901071507","198.50893077989366","2.9160609743053705","9.12171745300293","6.296597432716359","40.453737018364734","57.914649963378906","-140.59428081651475","ok","sparse","hs_above_validated_p95","{}","2026-09-07T18:03:36+00:00","no_land_detected","false"
"6d392363-4cc4-4e20-b8b4-d79d20550500","2026-09-11T15:41:00.862661+00:00","20260906T18","2026-09-07T01:25:41+00:00","6시간 후 출항","covered","14","2026-09-07T00:00:00+00:00","2026-09-08T06:13:10.225564687+00:00","3","17.21192756168174","2026-09-07T17:12:42.939222054+00:00","30.921169237485692","126.97290708835524","240.96698586354435","196.491130757544","2.8839639560415122","9.12171745300293","6.250679008994156","39.147349422084005","57.914649963378906","-138.5764807941651","ok","sparse","hs_above_validated_p95","{}","2026-09-07T18:03:36+00:00","no_land_detected","false"
"6d392363-4cc4-4e20-b8b4-d79d20550500","2026-09-11T15:41:00.862661+00:00","20260906T18","2026-09-07T01:25:41+00:00","6시간 후 출항","covered","14","2026-09-07T00:00:00+00:00","2026-09-08T06:13:10.225564687+00:00","3","17.56348376545526","2026-09-07T17:33:48.541555638+00:00","30.84233184676872","126.9458585776122","245.88877271637364","196.47724762117937","2.848615202678702","9.09323787689209","6.2100385990644105","37.85058635322008","49.7301025390625","-146.74714508211687","ok","sparse","hs_above_validated_p95","{}","2026-09-07T18:03:36+00:00","no_land_detected","false"
"6d392363-4cc4-4e20-b8b4-d79d20550500","2026-09-11T15:41:00.862661+00:00","20260906T18","2026-09-07T01:25:41+00:00","6시간 후 출항","covered","14","2026-09-07T00:00:00+00:00","2026-09-08T06:13:10.225564687+00:00","3","17.915039969228783","2026-09-07T17:54:54.143889223+00:00","30.76348785593927","126.91885426021376","250.81055956920295","196.46341907165447","2.8097776061302264","9.09323787689209","6.1747398700305505","36.568603329895495","49.7301025390625","-146.73331653259197","ok","sparse","hs_above_validated_p95","{}","2026-09-07T18:03:36+00:00","no_land_detected","false"
"6d392363-4cc4-4e20-b8b4-d79d20550500","2026-09-11T15:41:00.862661+00:00","20260906T18","2026-09-07T01:25:41+00:00","6시간 후 출항","covered","14","2026-09-07T00:00:00+00:00","2026-09-08T06:13:10.225564687+00:00","3","18.266596173002302","2026-09-07T18:15:59.746222808+00:00","30.68463729296868","126.89189392956162","255.73234642203224","196.4496449277993","2.8024345090242795","9.09323787689209","6.183390850660048","36.61395796291026","49.7301025390625","-146.7195423887368","ok","sparse","hs_above_validated_p95","{}","2026-09-07T18:03:36+00:00","no_land_detected","false"
"6d392363-4cc4-4e20-b8b4-d79d20550500","2026-09-11T15:41:00.862661+00:00","20260906T18","2026-09-07T01:25:41+00:00","6시간 후 출항","covered","14","2026-09-07T00:00:00+00:00","2026-09-08T06:13:10.225564687+00:00","3","18.61815237677582","2026-09-07T18:37:05.348556392+00:00","30.60578018571027","126.86497738001005","260.6541332748615","196.43592500945638","2.8016967012188143","9.207045555114746","6.202098687497753","36.89668996536511","52.13193893432617","-144.3039860751302","ok","sparse","hs_above_validated_p95","{}","2026-09-07T18:03:36+00:00","no_land_detected","false"
"6d392363-4cc4-4e20-b8b4-d79d20550500","2026-09-11T15:41:00.862661+00:00","20260906T18","2026-09-07T01:25:41+00:00","6시간 후 출항","covered","14","2026-09-07T00:00:00+00:00","2026-09-08T06:13:10.225564687+00:00","3","18.969708580549344","2026-09-07T18:58:10.950889977+00:00","30.526916561900194","126.83810440685969","265.57592012769084","196.42225913747464","2.799016142703238","9.207045555114746","6.228024648165026","37.24408274944551","52.13193893432617","-144.29032020314847","ok","sparse","hs_above_validated_p95","{}","2026-09-07T18:03:36+00:00","no_land_detected","false"
"6d392363-4cc4-4e20-b8b4-d79d20550500","2026-09-11T15:41:00.862661+00:00","20260906T18","2026-09-07T01:25:41+00:00","6시간 후 출항","covered","14","2026-09-07T00:00:00+00:00","2026-09-08T06:13:10.225564687+00:00","3","19.321264784322864","2026-09-07T19:19:16.553223562+00:00","30.448046449158305","126.8112748063514","270.4977069805201","196.4086471337036","2.763244986202997","9.207045555114746","6.189950847262776","36.071170496618265","52.13193893432617","-144.27670819937742","ok","sparse","hs_above_validated_p95","{}","2026-09-07T18:03:36+00:00","no_land_detected","false"
"6d392363-4cc4-4e20-b8b4-d79d20550500","2026-09-11T15:41:00.862661+00:00","20260906T18","2026-09-07T01:25:41+00:00","6시간 후 출항","covered","14","2026-09-07T00:00:00+00:00","2026-09-08T06:13:10.225564687+00:00","3","19.672820988096387","2026-09-07T19:40:22.155557147+00:00","30.369169874988877","126.78448837566022","275.4194938333494","196.39508882098727","2.71312693330147","8.971571922302246","6.107565337464679","34.034551138739914","41.68767547607422","-154.70741334491305","ok","sparse","hs_above_validated_p95","{}","2026-09-07T21:09:36+00:00","no_land_detected","false"
"6d392363-4cc4-4e20-b8b4-d79d20550500","2026-09-11T15:41:00.862661+00:00","20260906T18","2026-09-07T01:25:41+00:00","6시간 후 출항","covered","14","2026-09-07T00:00:00+00:00","2026-09-08T06:13:10.225564687+00:00","3","20.024377191869906","2026-09-07T20:01:27.757890731+00:00","30.29028686678154","126.75774491288918","280.34128068617866","196.3815840231585","2.66492016154785","8.971571922302246","6.015513290053125","31.951961654040815","41.68767547607422","-154.69390854708428","ok","sparse","hs_above_validated_p95","{}","2026-09-07T21:09:36+00:00","no_land_detected","false"
"6d392363-4cc4-4e20-b8b4-d79d20550500","2026-09-11T15:41:00.862661+00:00","20260906T18","2026-09-07T01:25:41+00:00","6시간 후 출항","covered","14","2026-09-07T00:00:00+00:00","2026-09-08T06:13:10.225564687+00:00","3","20.375933395643425","2026-09-07T20:22:33.360224316+00:00","30.211397451811997","126.73104421706337","285.263067539008","196.3681325650331","2.641536943477053","8.971571922302246","5.969486537542248","30.97605385625218","41.68767547607422","-154.6804570889589","ok","sparse","hs_above_validated_p95","{}","2026-09-07T21:09:36+00:00","no_land_detected","false"
"6d392363-4cc4-4e20-b8b4-d79d20550500","2026-09-11T15:41:00.862661+00:00","20260906T18","2026-09-07T01:25:41+00:00","6시간 후 출항","covered","14","2026-09-07T00:00:00+00:00","2026-09-08T06:13:10.225564687+00:00","3","20.727489599416945","2026-09-07T20:43:38.962557901+00:00","30.132501657242884","126.70438608812395","290.18485439183723","196.35473427240404","2.642378966508601","8.971571922302246","5.986432232036642","31.26914997849167","41.68767547607422","-154.66705879632983","ok","sparse","hs_above_validated_p95","{}","2026-09-07T21:09:36+00:00","no_land_detected","false"
"6d392363-4cc4-4e20-b8b4-d79d20550500","2026-09-11T15:41:00.862661+00:00","20260906T18","2026-09-07T01:25:41+00:00","6시간 후 출항","covered","14","2026-09-07T00:00:00+00:00","2026-09-08T06:13:10.225564687+00:00","3","21.079045803190468","2026-09-07T21:04:44.564891485+00:00","30.05359951012459","126.67777032692217","295.10664124466655","196.34138897203573","2.6438731745759436","9.10312557220459","6.01133987625767","31.60615263829709","44.69137954711914","-151.6500094249166","ok","sparse","hs_above_validated_p95","{}","2026-09-07T21:09:36+00:00","no_land_detected","false"
"6d392363-4cc4-4e20-b8b4-d79d20550500","2026-09-11T15:41:00.862661+00:00","20260906T18","2026-09-07T01:25:41+00:00","6시간 후 출항","covered","14","2026-09-07T00:00:00+00:00","2026-09-08T06:13:10.225564687+00:00","3","21.43060200696399","2026-09-07T21:25:50.167225070+00:00","29.974691037395942","126.65119673521352","300.02842809749586","196.32809649165836","2.637441214853275","9.10312557220459","6.0264433615212045","31.659292407508076","44.69137954711914","-151.63671694453922","ok","sparse","hs_above_validated_p95","{}","2026-09-07T21:09:36+00:00","no_land_detected","false"
"6d392363-4cc4-4e20-b8b4-d79d20550500","2026-09-11T15:41:00.862661+00:00","20260906T18","2026-09-07T01:25:41+00:00","6시간 후 출항","covered","14","2026-09-07T00:00:00+00:00","2026-09-08T06:13:10.225564687+00:00","3","21.78215821073751","2026-09-07T21:46:55.769558655+00:00","29.89577626588512","126.62466511565185","304.9502149503251","196.3148566599623","2.614245296849708","9.152082443237305","6.010869386652119","31.125377686153058","46.769962310791016","-149.54489434917127","ok","sparse","hs_above_validated_p95","{}","2026-09-07T21:09:36+00:00","no_land_detected","false"
"6d392363-4cc4-4e20-b8b4-d79d20550500","2026-09-11T15:41:00.862661+00:00","20260906T18","2026-09-07T01:25:41+00:00","6시간 후 출항","covered","14","2026-09-07T00:00:00+00:00","2026-09-08T06:13:10.225564687+00:00","3","22.13371441451103","2026-09-07T22:08:01.371892239+00:00","29.816855222310377","126.59817527178355","309.87200180315443","196.30166930659234","2.5908006951438134","9.168325424194336","5.99649125508008","30.61650525834341","43.47581100463867","-152.82585830195367","ok","no_coverage","no_nearby_validation_station|hs_above_validated_p95","{}","2026-09-07T21:09:36+00:00","no_land_detected","false"
"6d392363-4cc4-4e20-b8b4-d79d20550500","2026-09-11T15:41:00.862661+00:00","20260906T18","2026-09-07T01:25:41+00:00","6시간 후 출항","covered","14","2026-09-07T00:00:00+00:00","2026-09-08T06:13:10.225564687+00:00","3","22.48527061828455","2026-09-07T22:29:06.974225824+00:00","29.737927933280776","126.5717270080418","314.7937886559837","196.28853426214238","2.5685162086746307","9.168325424194336","5.982289073513759","30.148239050636505","43.47581100463867","-152.8127232575037","ok","no_coverage","no_nearby_validation_station|hs_above_validated_p95","{}","2026-09-07T21:09:36+00:00","no_land_detected","false"
"6d392363-4cc4-4e20-b8b4-d79d20550500","2026-09-11T15:41:00.862661+00:00","20260906T18","2026-09-07T01:25:41+00:00","6시간 후 출항","covered","14","2026-09-07T00:00:00+00:00","2026-09-08T06:13:10.225564687+00:00","3","22.83682682205807","2026-09-07T22:50:12.576559409+00:00","29.65899442529707","126.54532012974083","319.715575508813","196.2754513581497","2.551678447177744","8.98108959197998","5.968987682285606","29.851387200463478","44.21155548095703","-152.06389587719266","ok","no_coverage","no_nearby_validation_station|hs_above_validated_p95","{}","2026-09-08T00:04:48+00:00","no_land_detected","false"
"6d392363-4cc4-4e20-b8b4-d79d20550500","2026-09-11T15:41:00.862661+00:00","20260906T18","2026-09-07T01:25:41+00:00","6시간 후 출항","covered","14","2026-09-07T00:00:00+00:00","2026-09-08T06:13:10.225564687+00:00","3","23.188383025831595","2026-09-07T23:11:18.178892993+00:00","29.580054724752348","126.51895444307017","324.6373623616423","196.26242042708958","2.5350189273820427","9.056668281555176","5.9562844212658925","29.58061149143657","42.960411071777344","-153.30200935531224","ok","no_coverage","no_nearby_validation_station|hs_above_validated_p95","{}","2026-09-08T00:04:48+00:00","no_land_detected","false"
"6d392363-4cc4-4e20-b8b4-d79d20550500","2026-09-11T15:41:00.862661+00:00","20260906T18","2026-09-07T01:25:41+00:00","6시간 후 출항","covered","14","2026-09-07T00:00:00+00:00","2026-09-08T06:13:10.225564687+00:00","3","23.539939229605114","2026-09-07T23:32:23.781226578+00:00","29.501108857932874","126.49262975508911","329.5591492144716","196.24944130236983","2.5185149673774703","9.056668281555176","5.945817610063406","29.343741759764953","42.960411071777344","-153.2890302305925","ok","no_coverage","no_nearby_validation_station|hs_above_validated_p95","{}","2026-09-08T00:04:48+00:00","no_land_detected","false"
"6d392363-4cc4-4e20-b8b4-d79d20550500","2026-09-11T15:41:00.862661+00:00","20260906T18","2026-09-07T01:25:41+00:00","6시간 후 출항","covered","14","2026-09-07T00:00:00+00:00","2026-09-08T06:13:10.225564687+00:00","3","23.891495433378633","2026-09-07T23:53:29.383560163+00:00","29.422156851018787","126.466345873721","334.4809360673009","196.23651381832542","2.5010562244282646","9.056668281555176","5.949012115362273","29.15397998682124","42.960411071777344","-153.27610274654808","ok","no_coverage","no_nearby_validation_station|hs_above_validated_p95","{}","2026-09-08T00:04:48+00:00","no_land_detected","false"
"6d392363-4cc4-4e20-b8b4-d79d20550500","2026-09-11T15:41:00.862661+00:00","20260906T18","2026-09-07T01:25:41+00:00","6시간 후 출항","covered","14","2026-09-07T00:00:00+00:00","2026-09-08T06:13:10.225564687+00:00","3","24.243051637152153","2026-09-08T00:14:34.985893747+00:00","29.34319873008489","126.44010260774763","339.40272292013015","196.22363781021315","2.485518378777111","9.105504989624023","5.951601232066467","28.955854812187","41.67863082885742","-154.54500698135573","ok","no_coverage","no_nearby_validation_station|hs_above_validated_p95","{}","2026-09-08T00:04:48+00:00","no_land_detected","false"
"6d392363-4cc4-4e20-b8b4-d79d20550500","2026-09-11T15:41:00.862661+00:00","20260906T18","2026-09-07T01:25:41+00:00","6시간 후 출항","covered","14","2026-09-07T00:00:00+00:00","2026-09-08T06:13:10.225564687+00:00","3","24.594607840925676","2026-09-08T00:35:40.588227332+00:00","29.26423452110135","126.41389976680387","344.32450977295946","196.21081311420622","2.470376092134283","9.105504989624023","5.948617753934679","28.736710583060415","41.67863082885742","-154.5321822853488","ok","no_coverage","no_nearby_validation_station|hs_above_validated_p95","{}","2026-09-08T00:04:48+00:00","no_land_detected","false"
"6d392363-4cc4-4e20-b8b4-d79d20550500","2026-09-11T15:41:00.862661+00:00","20260906T18","2026-09-07T01:25:41+00:00","6시간 후 출항","covered","14","2026-09-07T00:00:00+00:00","2026-09-08T06:13:10.225564687+00:00","3","24.9461640446992","2026-09-08T00:56:46.190560917+00:00","29.185264249934498","126.38773716137194","349.2462966257888","196.19803956738915","2.4551281046603446","9.105504989624023","5.93854920508926","28.552340980121528","41.67863082885742","-154.51940873853172","ok","no_coverage","no_nearby_validation_station|hs_above_validated_p95","{}","2026-09-08T00:04:48+00:00","no_land_detected","false"
"6d392363-4cc4-4e20-b8b4-d79d20550500","2026-09-11T15:41:00.862661+00:00","20260906T18","2026-09-07T01:25:41+00:00","6시간 후 출항","covered","14","2026-09-07T00:00:00+00:00","2026-09-08T06:13:10.225564687+00:00","3","25.297720248472718","2026-09-08T01:17:51.792894501+00:00","29.106287942347464","126.36161460277614","354.16808347861803","196.18531700775227","2.44166269080942","9.187783241271973","5.919961292644324","28.337558378995595","42.53577423095703","-153.64954277679524","ok","no_coverage","no_nearby_validation_station|hs_above_validated_p95","{}","2026-09-08T00:04:48+00:00","no_land_detected","false"
"6d392363-4cc4-4e20-b8b4-d79d20550500","2026-09-11T15:41:00.862661+00:00","20260906T18","2026-09-07T01:25:41+00:00","6시간 후 출항","covered","14","2026-09-07T00:00:00+00:00","2026-09-08T06:13:10.225564687+00:00","3","25.649276452246237","2026-09-08T01:38:57.395228086+00:00","29.027305624001","126.33553190317731","359.08987033144734","196.1726452741868","2.4299622354045605","9.00866413116455","5.8936481062170385","28.09294158094241","42.21943664550781","-153.953208628679","ok","no_coverage","no_nearby_validation_station|hs_above_validated_p95","{}","2026-09-08T03:00:00+00:00","no_land_detected","false"
"6d392363-4cc4-4e20-b8b4-d79d20550500","2026-09-11T15:41:00.862661+00:00","20260906T18","2026-09-07T01:25:41+00:00","6시간 후 출항","covered","14","2026-09-07T00:00:00+00:00","2026-09-08T06:13:10.225564687+00:00","3","26.000832656019757","2026-09-08T02:00:02.997561671+00:00","28.94831732045412","126.30948887556752","364.0116571842766","196.1600242064795","2.4221156613709134","9.00866413116455","5.856467662690537","27.745395271608686","42.21943664550781","-153.9405875609717","ok","no_coverage","no_nearby_validation_station|hs_above_validated_p95","{}","2026-09-08T03:00:00+00:00","no_land_detected","false"
"6d392363-4cc4-4e20-b8b4-d79d20550500","2026-09-11T15:41:00.862661+00:00","20260906T18","2026-09-07T01:25:41+00:00","6시간 후 출항","covered","14","2026-09-07T00:00:00+00:00","2026-09-08T06:13:10.225564687+00:00","3","26.35238885979328","2026-09-08T02:21:08.599895255+00:00","28.869323057164877","126.28348533376465","368.9334440371059","196.14745364530762","2.4185586803234598","9.056736946105957","5.815949119323554","27.36402910008303","40.59779739379883","-155.5496562515088","ok","no_coverage","no_nearby_validation_station|hs_above_validated_p95","{}","2026-09-08T03:00:00+00:00","no_land_detected","false"
"6d392363-4cc4-4e20-b8b4-d79d20550500","2026-09-11T15:41:00.862661+00:00","20260906T18","2026-09-07T01:25:41+00:00","6시간 후 출항","covered","14","2026-09-07T00:00:00+00:00","2026-09-08T06:13:10.225564687+00:00","3","26.703945063566803","2026-09-08T02:42:14.202228840+00:00","28.790322859491027","126.25752109240709","373.8552308899352","196.13493343223382","2.4189142005848088","9.056736946105957","5.774582715181595","26.998086185733143","40.59779739379883","-155.537136038435","ok","no_coverage","no_nearby_validation_station|hs_above_validated_p95","{}","2026-09-08T03:00:00+00:00","no_land_detected","false"
"6d392363-4cc4-4e20-b8b4-d79d20550500","2026-09-11T15:41:00.862661+00:00","20260906T18","2026-09-07T01:25:41+00:00","6시간 후 출항","covered","14","2026-09-07T00:00:00+00:00","2026-09-08T06:13:10.225564687+00:00","3","27.055501267340322","2026-09-08T03:03:19.804562425+00:00","28.71131675269076","126.23159596694856","378.7770177427645","196.12246340970103","2.4166776682104714","9.056736946105957","5.751325479811561","26.842297516088024","40.59779739379883","-155.5246660159022","ok","no_coverage","no_nearby_validation_station|hs_above_validated_p95","{}","2026-09-08T03:00:00+00:00","no_land_detected","false"
"6d392363-4cc4-4e20-b8b4-d79d20550500","2026-09-11T15:41:00.862661+00:00","20260906T18","2026-09-07T01:25:41+00:00","6시간 후 출항","covered","14","2026-09-07T00:00:00+00:00","2026-09-08T06:13:10.225564687+00:00","3","27.407057471113838","2026-09-08T03:24:25.406896009+00:00","28.632304761923365","126.20570977365271","383.69880459559374","196.11004342102754","2.406110933539745","9.056736946105957","5.758199420757704","26.94021977858739","40.59779739379883","-155.5122460272287","ok","no_coverage","no_nearby_validation_station|hs_above_validated_p95","{}","2026-09-08T03:00:00+00:00","no_land_detected","false"
"6d392363-4cc4-4e20-b8b4-d79d20550500","2026-09-11T15:41:00.862661+00:00","20260906T18","2026-09-07T01:25:41+00:00","6시간 후 출항","covered","14","2026-09-07T00:00:00+00:00","2026-09-08T06:13:10.225564687+00:00","3","27.75861367488736","2026-09-08T03:45:31.009229594+00:00","28.55328691225","126.17986232958806","388.62059144842306","196.09767331040206","2.396237514870338","9.105534553527832","5.763142880684373","27.002522251114044","40.16724395751953","-155.93042935288253","ok","no_coverage","no_nearby_validation_station","{}","2026-09-08T03:00:00+00:00","no_land_detected","false"
"6d392363-4cc4-4e20-b8b4-d79d20550500","2026-09-11T15:41:00.862661+00:00","20260906T18","2026-09-07T01:25:41+00:00","6시간 후 출항","covered","14","2026-09-07T00:00:00+00:00","2026-09-08T06:13:10.225564687+00:00","3","28.110169878660884","2026-09-08T04:06:36.611563179+00:00","28.47426322863426","126.15405345262273","393.54237830125237","196.08535292287863","2.3802484918535303","9.105534553527832","5.769513535493562","26.991946424392154","40.16724395751953","-155.9181089653591","ok","no_coverage","no_nearby_validation_station","{}","2026-09-08T03:00:00+00:00","no_land_detected","false"
"6d392363-4cc4-4e20-b8b4-d79d20550500","2026-09-11T15:41:00.862661+00:00","20260906T18","2026-09-07T01:25:41+00:00","6시간 후 출항","covered","14","2026-09-07T00:00:00+00:00","2026-09-08T06:13:10.225564687+00:00","3","28.461726082434406","2026-09-08T04:27:42.213896763+00:00","28.39523373594298","126.12828296141936","398.4641651540817","196.0730821043718","2.3532471330934257","9.105534553527832","5.779711208142115","26.837403607812917","40.16724395751953","-155.90583814685226","ok","no_coverage","no_nearby_validation_station","{}","2026-09-08T03:00:00+00:00","no_land_detected","false"
"6d392363-4cc4-4e20-b8b4-d79d20550500","2026-09-11T15:41:00.862661+00:00","20260906T18","2026-09-07T01:25:41+00:00","6시간 후 출항","covered","14","2026-09-07T00:00:00+00:00","2026-09-08T06:13:10.225564687+00:00","3","28.81328228620793","2026-09-08T04:48:47.816230348+00:00","28.316198458946822","126.10255067543","403.385952006911","196.06086070165182","2.3312008822095227","8.972448348999023","5.783795121535308","26.622081979477002","39.817359924316406","-156.2435007773354","ok","no_coverage","no_nearby_validation_station","{}","2026-09-08T06:06:00+00:00","no_land_detected","false"
"6d392363-4cc4-4e20-b8b4-d79d20550500","2026-09-11T15:41:00.862661+00:00","20260906T18","2026-09-07T01:25:41+00:00","6시간 후 출항","covered","14","2026-09-07T00:00:00+00:00","2026-09-08T06:13:10.225564687+00:00","3","29.164838489981445","2026-09-08T05:09:53.418563933+00:00","28.23715742232102","126.07685641489101","408.30773885974025","196.0486885623397","2.3142330056204763","8.972448348999023","5.782083867404828","26.43677628126005","39.817359924316406","-156.23132863802329","ok","no_coverage","no_nearby_validation_station","{}","2026-09-08T06:06:00+00:00","no_land_detected","false"
"6d392363-4cc4-4e20-b8b4-d79d20550500","2026-09-11T15:41:00.862661+00:00","20260906T18","2026-09-07T01:25:41+00:00","6시간 후 출항","covered","14","2026-09-07T00:00:00+00:00","2026-09-08T06:13:10.225564687+00:00","3","29.516394693754965","2026-09-08T05:30:59.020897517+00:00","28.158110650645998","126.05120000081813","413.2295257125695","196.03656553490248","2.302175012257453","8.972448348999023","5.782083274241255","26.64187305398383","39.817359924316406","-156.21920561058607","ok","no_coverage","no_nearby_validation_station","{}","2026-09-08T06:06:00+00:00","no_land_detected","false"
"6d392363-4cc4-4e20-b8b4-d79d20550500","2026-09-11T15:41:00.862661+00:00","20260906T18","2026-09-07T01:25:41+00:00","6시간 후 출항","covered","14","2026-09-07T00:00:00+00:00","2026-09-08T06:13:10.225564687+00:00","3","29.867950897528488","2026-09-08T05:52:04.623231102+00:00","28.079058168408054","126.02558125500133","418.1513125653988","196.02449146864842","2.2953388315038423","9.043516159057617","5.771813028162424","26.777896235054186","40.150489807128906","-155.87400166151951","ok","no_coverage","no_nearby_validation_station","{}","2026-09-08T06:06:00+00:00","no_land_detected","false"
"6d392363-4cc4-4e20-b8b4-d79d20550500","2026-09-11T15:41:00.862661+00:00","20260906T18","2026-09-07T01:25:41+00:00","6시간 후 출항","covered","14","2026-09-07T00:00:00+00:00","2026-09-08T06:13:10.225564687+00:00","3","30.21950710130201","2026-09-08T06:13:10.225564687+00:00","27.999999999999996","126","423.07309941822814","196.01246621372238","2.291888079622448","9.043516159057617","5.7581569014790075","26.874193067471424","40.150489807128906","-155.86197640659347","ok","no_coverage","no_nearby_validation_station","{}","2026-09-08T06:06:00+00:00","no_land_detected","false"
"6d392363-4cc4-4e20-b8b4-d79d20550500","2026-09-11T15:41:00.862661+00:00","20260906T18","2026-09-07T01:25:41+00:00","감속","covered","12","2026-09-06T18:00:00+00:00","2026-09-08T05:15:21.929825468+00:00","3","0","2026-09-06T18:00:00+00:00","34.5","129","0","220.07083828676042","2.5300002098083496","7.609435081481934","5.947546653067957","34.187156785396894","34.187156677246094","174.11631839048567","ok","sparse","hs_above_validated_p95","{}","2026-09-06T18:00:00+00:00","no_land_detected","false"
"6d392363-4cc4-4e20-b8b4-d79d20550500","2026-09-11T15:41:00.862661+00:00","20260906T18","2026-09-07T01:25:41+00:00","감속","covered","12","2026-09-06T18:00:00+00:00","2026-09-08T05:15:21.929825468+00:00","3","0.4059638202483609","2026-09-06T18:24:21.469752894+00:00","34.43774503773482","128.93680803612594","4.871565842980331","220.0350742546741","2.5487385112223224","7.609435081481934","5.783754344734292","34.95817882706416","34.187156677246094","174.152082422572","ok","sparse","hs_above_validated_p95","{}","2026-09-06T18:00:00+00:00","no_land_detected","false"
"6d392363-4cc4-4e20-b8b4-d79d20550500","2026-09-11T15:41:00.862661+00:00","20260906T18","2026-09-07T01:25:41+00:00","감속","covered","12","2026-09-06T18:00:00+00:00","2026-09-08T05:15:21.929825468+00:00","3","0.8119276404967218","2026-09-06T18:48:42.939505788+00:00","34.37545683388101","128.87370975805536","9.743131685960662","219.9994198039752","2.5806616749937805","7.67293119430542","5.652000465735871","34.48026256127025","43.19435501098633","-176.80506479298887","ok","sparse","hs_above_validated_p95","{}","2026-09-06T18:00:00+00:00","no_land_detected","false"
"6d392363-4cc4-4e20-b8b4-d79d20550500","2026-09-11T15:41:00.862661+00:00","20260906T18","2026-09-07T01:25:41+00:00","감속","covered","12","2026-09-06T18:00:00+00:00","2026-09-08T05:15:21.929825468+00:00","3","1.2178914607450828","2026-09-06T19:13:04.409258682+00:00","34.313135511990005","128.81070485822482","14.614697528940994","219.96387466537237","2.6397937676578493","7.235171318054199","5.558254835426705","33.314395913353565","30.924938201904297","170.96106353653192","ok","sparse","hs_above_validated_p95","{}","2026-09-06T18:00:00+00:00","no_land_detected","false"
"6d392363-4cc4-4e20-b8b4-d79d20550500","2026-09-11T15:41:00.862661+00:00","20260906T18","2026-09-07T01:25:41+00:00","감속","covered","12","2026-09-06T18:00:00+00:00","2026-09-08T05:15:21.929825468+00:00","3","1.6238552809934437","2026-09-06T19:37:25.879011576+00:00","34.250781195168095","128.7477930298203","19.486263371921325","219.92843857039207","2.735807650999459","7.502159118652344","5.506151044172434","32.07326382177507","31.82583999633789","171.89740142594582","ok","sparse","hs_above_validated_p95","{}","2026-09-06T21:05:24+00:00","no_land_detected","false"
"6d392363-4cc4-4e20-b8b4-d79d20550500","2026-09-11T15:41:00.862661+00:00","20260906T18","2026-09-07T01:25:41+00:00","감속","covered","12","2026-09-06T18:00:00+00:00","2026-09-08T05:15:21.929825468+00:00","3","2.0298191012418045","2026-09-06T20:01:47.348764470+00:00","34.18839400607832","128.68497396677677","24.357829214901656","219.89311125137823","2.822265554115386","7.502159118652344","5.534315649762355","34.64377049216188","31.82583999633789","171.93272874495966","ok","sparse","hs_above_validated_p95","{}","2026-09-06T21:05:24+00:00","no_land_detected","false"
"6d392363-4cc4-4e20-b8b4-d79d20550500","2026-09-11T15:41:00.862661+00:00","20260906T18","2026-09-07T01:25:41+00:00","감속","covered","12","2026-09-06T18:00:00+00:00","2026-09-08T05:15:21.929825468+00:00","3","2.4357829214901656","2026-09-06T20:26:08.818517364+00:00","34.12597406694235","128.6222473637774","29.229395057881987","219.85789244149163","2.954568317435261","7.4591898918151855","5.591798081471066","36.97865885887836","43.485145568847656","-176.37274687264397","ok","sparse","hs_above_validated_p95","{}","2026-09-06T21:05:24+00:00","no_land_detected","false"
"6d392363-4cc4-4e20-b8b4-d79d20550500","2026-09-11T15:41:00.862661+00:00","20260906T18","2026-09-07T01:25:41+00:00","감속","covered","12","2026-09-06T18:00:00+00:00","2026-09-08T05:15:21.929825468+00:00","3","2.8417467417385267","2026-09-06T20:50:30.288270258+00:00","34.063521499542404","128.55961291625292","34.10096090086232","219.82278187470953","3.116449535978219","7.604308605194092","5.659618444789033","38.99420239925519","42.39208984375","-177.43069203095953","ok","sparse","hs_above_validated_p95","{}","2026-09-06T21:05:24+00:00","no_land_detected","false"
"6d392363-4cc4-4e20-b8b4-d79d20550500","2026-09-11T15:41:00.862661+00:00","20260906T18","2026-09-07T01:25:41+00:00","감속","covered","12","2026-09-06T18:00:00+00:00","2026-09-08T05:15:21.929825468+00:00","3","3.2477105619868873","2026-09-06T21:14:51.758023152+00:00","34.001036425223106","128.49707032038077","38.97252674384265","219.78777928582505","3.2805215237768928","7.604308605194092","5.739475887420141","40.792501499471825","42.39208984375","-177.39568944207505","ok","sparse","hs_above_validated_p95","{}","2026-09-06T21:05:24+00:00","no_land_detected","false"
"6d392363-4cc4-4e20-b8b4-d79d20550500","2026-09-11T15:41:00.862661+00:00","20260906T18","2026-09-07T01:25:41+00:00","감속","covered","12","2026-09-06T18:00:00+00:00","2026-09-08T05:15:21.929825468+00:00","3","3.6536743822352484","2026-09-06T21:39:13.227776046+00:00","33.938518964893326","128.43461927308445","43.84409258682298","219.75288441044668","3.3071819660219215","7.604308605194092","5.804201541151967","41.43207955867416","42.39208984375","-177.36079456669668","ok","sparse","hs_above_validated_p95","{}","2026-09-06T21:05:24+00:00","no_land_detected","false"
"6d392363-4cc4-4e20-b8b4-d79d20550500","2026-09-11T15:41:00.862661+00:00","20260906T18","2026-09-07T01:25:41+00:00","감속","covered","12","2026-09-06T18:00:00+00:00","2026-09-08T05:15:21.929825468+00:00","3","4.059638202483609","2026-09-06T22:03:34.697528940+00:00","33.87596923902814","128.37225947203268","48.71565842980331","219.7180969849977","3.353680438224772","7.533680438995361","5.871340111043807","42.2906938933811","49.790679931640625","-169.92741705335706","ok","sparse","hs_above_validated_p95","{}","2026-09-06T21:05:24+00:00","no_land_detected","false"
"6d392363-4cc4-4e20-b8b4-d79d20550500","2026-09-11T15:41:00.862661+00:00","20260906T18","2026-09-07T01:25:41+00:00","감속","covered","12","2026-09-06T18:00:00+00:00","2026-09-08T05:15:21.929825468+00:00","3","4.465602022731971","2026-09-06T22:27:56.167281835+00:00","33.8133873676706","128.3099906156386","53.587224272783644","219.68341674671555","3.4155451909629013","7.728202819824219","5.9382391941980615","43.25139336182622","44.75916290283203","-174.92425384388352","ok","sparse","hs_above_validated_p95","{}","2026-09-06T21:05:24+00:00","no_land_detected","false"
"6d392363-4cc4-4e20-b8b4-d79d20550500","2026-09-11T15:41:00.862661+00:00","20260906T18","2026-09-07T01:25:41+00:00","감속","covered","12","2026-09-06T18:00:00+00:00","2026-09-08T05:15:21.929825468+00:00","3","4.871565842980331","2026-09-06T22:52:17.637034729+00:00","33.750773470433664","128.24781240305907","58.458790115763975","219.64884343365128","3.4853246391587733","8.116762161254883","6.002071852601888","44.19527677415954","48.6783447265625","-170.97049870708878","ok","sparse","hs_above_validated_p95","{}","2026-09-07T00:01:12+00:00","no_land_detected","false"
"6d392363-4cc4-4e20-b8b4-d79d20550500","2026-09-11T15:41:00.862661+00:00","20260906T18","2026-09-07T01:25:41+00:00","감속","covered","12","2026-09-06T18:00:00+00:00","2026-09-08T05:15:21.929825468+00:00","3","5.277529663228692","2026-09-06T23:16:39.106787623+00:00","33.688127666502005","128.18572453419355","63.330355958744306","219.61437678466896","3.4799349777126527","8.116762161254883","6.031491318151758","44.52462685374121","48.6783447265625","-170.93603205810646","ok","sparse","hs_above_validated_p95","{}","2026-09-07T00:01:12+00:00","no_land_detected","false"
"6d392363-4cc4-4e20-b8b4-d79d20550500","2026-09-11T15:41:00.862661+00:00","20260906T18","2026-09-07T01:25:41+00:00","감속","covered","12","2026-09-06T18:00:00+00:00","2026-09-08T05:15:21.929825468+00:00","3","5.683493483477053","2026-09-06T23:41:00.576540517+00:00","33.625450074633854","128.12372670968352","68.20192180172464","219.58001653944487","3.4899211407530433","8.006062507629395","6.0619262184038565","44.91259672825487","51.250789642333984","-168.32922689711089","ok","sparse","hs_above_validated_p95","{}","2026-09-07T00:01:12+00:00","no_land_detected","false"
"6d392363-4cc4-4e20-b8b4-d79d20550500","2026-09-11T15:41:00.862661+00:00","20260906T18","2026-09-07T01:25:41+00:00","감속","covered","12","2026-09-06T18:00:00+00:00","2026-09-08T05:15:21.929825468+00:00","3","6.089457303725414","2026-09-07T00:05:22.046293411+00:00","33.56274081316289","128.06181863091146","73.07348764470497","219.54576243846697","3.5091807119494964","8.385099411010742","6.092907195458426","45.27822423780623","48.179481506347656","-171.3662809321193","ok","sparse","hs_above_validated_p95","{}","2026-09-07T00:01:12+00:00","no_land_detected","false"
"6d392363-4cc4-4e20-b8b4-d79d20550500","2026-09-11T15:41:00.862661+00:00","20260906T18","2026-09-07T01:25:41+00:00","감속","covered","12","2026-09-06T18:00:00+00:00","2026-09-08T05:15:21.929825468+00:00","3","6.495421123973775","2026-09-07T00:29:43.516046305+00:00","33.5","128","77.9450534876853","219.5116142230342","3.5274334274627432","8.385099411010742","6.128665821722031","45.49415415941587","48.179481506347656","-171.33213271668654","ok","sparse","hs_above_validated_p95","{}","2026-09-07T00:01:12+00:00","no_land_detected","false"
"6d392363-4cc4-4e20-b8b4-d79d20550500","2026-09-11T15:41:00.862661+00:00","20260906T18","2026-09-07T01:25:41+00:00","감속","covered","12","2026-09-06T18:00:00+00:00","2026-09-08T05:15:21.929825468+00:00","3","6.907140252939999","2026-09-07T00:54:25.704910583+00:00","33.42201272776678","127.96790084713574","82.88568303527998","199.0249839606299","3.512302648017802","8.385099411010742","6.168318280253217","44.56030526218615","48.179481506347656","-150.84550245428224","ok","sparse","hs_above_validated_p95","{}","2026-09-07T00:01:12+00:00","no_land_detected","false"
"6d392363-4cc4-4e20-b8b4-d79d20550500","2026-09-11T15:41:00.862661+00:00","20260906T18","2026-09-07T01:25:41+00:00","감속","covered","12","2026-09-06T18:00:00+00:00","2026-09-08T05:15:21.929825468+00:00","3","7.318859381906222","2026-09-07T01:19:07.893774862+00:00","33.344016182228344","127.93585904331944","87.82631258287466","199.00735349125327","3.5005524601602684","8.487663269042969","6.203637812391882","43.72542697072987","41.77228927612305","-157.23506421513022","ok","sparse","hs_above_validated_p95","{}","2026-09-07T00:01:12+00:00","no_land_detected","false"
"6d392363-4cc4-4e20-b8b4-d79d20550500","2026-09-11T15:41:00.862661+00:00","20260906T18","2026-09-07T01:25:41+00:00","감속","covered","12","2026-09-06T18:00:00+00:00","2026-09-08T05:15:21.929825468+00:00","3","7.730578510872445","2026-09-07T01:43:50.082639140+00:00","33.266010403446536","127.9038743231645","92.76694213046935","198.989790806624","3.491552801916505","8.593802452087402","6.234761258525153","42.96435738821174","43.517818450927734","-155.47197235569627","ok","sparse","hs_above_validated_p95","{}","2026-09-07T03:06:36+00:00","no_land_detected","false"
"6d392363-4cc4-4e20-b8b4-d79d20550500","2026-09-11T15:41:00.862661+00:00","20260906T18","2026-09-07T01:25:41+00:00","감속","covered","12","2026-09-06T18:00:00+00:00","2026-09-08T05:15:21.929825468+00:00","3","8.142297639838668","2026-09-07T02:08:32.271503419+00:00","33.18799543129717","127.87194642255469","97.70757167806403","198.97229566896434","3.4593771202244343","8.590738296508789","6.252454588292311","42.236061183187815","47.74431610107422","-151.22797956789012","ok","sparse","hs_above_validated_p95","{}","2026-09-07T03:06:36+00:00","no_land_detected","false"
"6d392363-4cc4-4e20-b8b4-d79d20550500","2026-09-11T15:41:00.862661+00:00","20260906T18","2026-09-07T01:25:41+00:00","감속","covered","12","2026-09-06T18:00:00+00:00","2026-09-08T05:15:21.929825468+00:00","3","8.554016768804892","2026-09-07T02:33:14.460367697+00:00","33.109971305471284","127.84007507863589","102.64820122565871","198.95486784181793","3.4229497604900434","8.63822078704834","6.271884547410436","41.51285437835122","42.823394775390625","-156.1314730664273","ok","sparse","hs_above_validated_p95","{}","2026-09-07T03:06:36+00:00","no_land_detected","false"
"6d392363-4cc4-4e20-b8b4-d79d20550500","2026-09-11T15:41:00.862661+00:00","20260906T18","2026-09-07T01:25:41+00:00","감속","covered","12","2026-09-06T18:00:00+00:00","2026-09-08T05:15:21.929825468+00:00","3","8.965735897771115","2026-09-07T02:57:56.649231976+00:00","33.0319380654765","127.80826002980803","107.58883077325338","198.93750709004203","3.3859624742165995","8.63822078704834","6.295874177691671","40.800751024048054","42.823394775390625","-156.1141123146514","ok","sparse","hs_above_validated_p95","{}","2026-09-07T03:06:36+00:00","no_land_detected","false"
"6d392363-4cc4-4e20-b8b4-d79d20550500","2026-09-11T15:41:00.862661+00:00","20260906T18","2026-09-07T01:25:41+00:00","감속","covered","12","2026-09-06T18:00:00+00:00","2026-09-08T05:15:21.929825468+00:00","3","9.377455026737339","2026-09-07T03:22:38.838096254+00:00","32.95389575063822","127.77650101571689","112.52946032084806","198.92021317979956","3.3441394379049276","8.63822078704834","6.28860573830066","39.861223108089064","42.823394775390625","-156.09681840440894","ok","sparse","hs_above_validated_p95","{}","2026-09-07T03:06:36+00:00","no_land_detected","false"
"6d392363-4cc4-4e20-b8b4-d79d20550500","2026-09-11T15:41:00.862661+00:00","20260906T18","2026-09-07T01:25:41+00:00","감속","covered","12","2026-09-06T18:00:00+00:00","2026-09-08T05:15:21.929825468+00:00","3","9.789174155703561","2026-09-07T03:47:21.026960532+00:00","32.87584440010099","127.74479777724623","117.47008986844274","198.9029858785513","3.302284894462158","8.63822078704834","6.263908883445409","38.79490119122784","42.823394775390625","-156.07959110316068","ok","sparse","hs_above_validated_p95","{}","2026-09-07T03:06:36+00:00","no_land_detected","false"
"6d392363-4cc4-4e20-b8b4-d79d20550500","2026-09-11T15:41:00.862661+00:00","20260906T18","2026-09-07T01:25:41+00:00","감속","covered","12","2026-09-06T18:00:00+00:00","2026-09-08T05:15:21.929825468+00:00","3","10.200893284669785","2026-09-07T04:12:03.215824811+00:00","32.797784052829755","127.71315005650966","122.41071941603742","198.88582495504807","3.267365216645576","8.664007186889648","6.237177419206825","37.6808174761062","37.92582702636719","-160.95999792868088","ok","sparse","hs_above_validated_p95","{}","2026-09-07T03:06:36+00:00","no_land_detected","false"
"6d392363-4cc4-4e20-b8b4-d79d20550500","2026-09-11T15:41:00.862661+00:00","20260906T18","2026-09-07T01:25:41+00:00","감속","covered","12","2026-09-06T18:00:00+00:00","2026-09-08T05:15:21.929825468+00:00","3","10.61261241363601","2026-09-07T04:36:45.404689089+00:00","32.7197147476111","127.68155759684285","127.3513489636321","198.86873017932314","3.243217009463046","8.826699256896973","6.212677374007572","36.80680771146734","39.18016052246094","-159.6885696568622","ok","sparse","hs_above_validated_p95","{}","2026-09-07T06:01:48+00:00","no_land_detected","false"
"6d392363-4cc4-4e20-b8b4-d79d20550500","2026-09-11T15:41:00.862661+00:00","20260906T18","2026-09-07T01:25:41+00:00","감속","covered","12","2026-09-06T18:00:00+00:00","2026-09-08T05:15:21.929825468+00:00","3","11.024331542602232","2026-09-07T05:01:27.593553368+00:00","32.64163652305446","127.65002014279557","132.29197851122677","198.85170132268445","3.224754743606105","8.826699256896973","6.193096401859493","36.34544277214087","39.18016052246094","-159.6715408002235","ok","sparse","hs_above_validated_p95","{}","2026-09-07T06:01:48+00:00","no_land_detected","false"
"6d392363-4cc4-4e20-b8b4-d79d20550500","2026-09-11T15:41:00.862661+00:00","20260906T18","2026-09-07T01:25:41+00:00","감속","covered","12","2026-09-06T18:00:00+00:00","2026-09-08T05:15:21.929825468+00:00","3","11.436050671568454","2026-09-07T05:26:09.782417646+00:00","32.56354941759346","127.61853744012399","137.23260805882146","198.8347381577071","3.2038221509504936","8.866867065429688","6.1774854406035615","35.857446025520744","39.446041107177734","-159.38869705052937","ok","sparse","hs_above_validated_p95","{}","2026-09-07T06:01:48+00:00","no_land_detected","false"
"6d392363-4cc4-4e20-b8b4-d79d20550500","2026-09-11T15:41:00.862661+00:00","20260906T18","2026-09-07T01:25:41+00:00","감속","covered","12","2026-09-06T18:00:00+00:00","2026-09-08T05:15:21.929825468+00:00","3","11.847769800534678","2026-09-07T05:50:51.971281924+00:00","32.48545346948705","127.58710923578285","142.17323760641614","198.81784045822582","3.184450942307942","8.866867065429688","6.165044545218388","35.350640491278966","39.446041107177734","-159.37179935104808","ok","sparse","hs_above_validated_p95","{}","2026-09-07T06:01:48+00:00","no_land_detected","false"
"6d392363-4cc4-4e20-b8b4-d79d20550500","2026-09-11T15:41:00.862661+00:00","20260906T18","2026-09-07T01:25:41+00:00","감속","covered","12","2026-09-06T18:00:00+00:00","2026-09-08T05:15:21.929825468+00:00","3","12.259488929500902","2026-09-07T06:15:34.160146203+00:00","32.40734871682076","127.55573527791778","147.11386715401082","198.80100799932734","3.162245972985125","8.866867065429688","6.163396468952311","34.97730497529636","39.446041107177734","-159.3549668921496","ok","sparse","hs_above_validated_p95","{}","2026-09-07T06:01:48+00:00","no_land_detected","false"
"6d392363-4cc4-4e20-b8b4-d79d20550500","2026-09-11T15:41:00.862661+00:00","20260906T18","2026-09-07T01:25:41+00:00","감속","covered","12","2026-09-06T18:00:00+00:00","2026-09-08T05:15:21.929825468+00:00","3","12.671208058467125","2026-09-07T06:40:16.349010481+00:00","32.32923519750799","127.52441531585772","152.0544967016055","198.7842405573432","3.1351471032695417","8.886516571044922","6.16265878678761","34.610836704700375","36.34388732910156","-162.44035322824163","ok","sparse","hs_above_validated_p95","{}","2026-09-07T06:01:48+00:00","no_land_detected","false"
"6d392363-4cc4-4e20-b8b4-d79d20550500","2026-09-11T15:41:00.862661+00:00","20260906T18","2026-09-07T01:25:41+00:00","감속","covered","12","2026-09-06T18:00:00+00:00","2026-09-08T05:15:21.929825468+00:00","3","13.082927187433349","2026-09-07T07:04:58.537874760+00:00","32.251112949291056","127.49314910010722","156.99512624920018","198.76753790984216","3.112287329194167","8.886516571044922","6.157325596575418","34.210479887138376","36.34388732910156","-162.4236505807406","ok","sparse","hs_above_validated_p95","{}","2026-09-07T06:01:48+00:00","no_land_detected","false"
"6d392363-4cc4-4e20-b8b4-d79d20550500","2026-09-11T15:41:00.862661+00:00","20260906T18","2026-09-07T01:25:41+00:00","감속","covered","12","2026-09-06T18:00:00+00:00","2026-09-08T05:15:21.929825468+00:00","3","13.494646316399573","2026-09-07T07:29:40.726739038+00:00","32.17298200974252","127.46193638233902","161.93575579679487","198.75089983562293","3.1133941523187287","8.886516571044922","6.146484333628761","33.929505424094714","36.34388732910156","-162.40701250652137","ok","sparse","hs_above_validated_p95","{}","2026-09-07T06:01:48+00:00","no_land_detected","false"
"6d392363-4cc4-4e20-b8b4-d79d20550500","2026-09-11T15:41:00.862661+00:00","20260906T18","2026-09-07T01:25:41+00:00","감속","covered","12","2026-09-06T18:00:00+00:00","2026-09-08T05:15:21.929825468+00:00","3","13.906365445365795","2026-09-07T07:54:22.915603316+00:00","32.0948424162663","127.43077691538646","166.87638534438955","198.73432611470705","3.1174413084274013","8.89745044708252","6.13822560771374","33.67027997516078","37.78031921386719","-160.95400690083986","ok","sparse","hs_above_validated_p95","{}","2026-09-07T09:07:48+00:00","no_land_detected","false"
"6d392363-4cc4-4e20-b8b4-d79d20550500","2026-09-11T15:41:00.862661+00:00","20260906T18","2026-09-07T01:25:41+00:00","감속","covered","12","2026-09-06T18:00:00+00:00","2026-09-08T05:15:21.929825468+00:00","3","14.318084574332019","2026-09-07T08:19:05.104467595+00:00","32.016694206098904","127.39967045323615","171.81701489198423","198.71781652833138","3.1262010918840515","8.89745044708252","6.131514442274973","33.421395418421014","37.78031921386719","-160.9374973144642","ok","sparse","hs_above_validated_p95","{}","2026-09-07T09:07:48+00:00","no_land_detected","false"
"6d392363-4cc4-4e20-b8b4-d79d20550500","2026-09-11T15:41:00.862661+00:00","20260906T18","2026-09-07T01:25:41+00:00","감속","covered","12","2026-09-06T18:00:00+00:00","2026-09-08T05:15:21.929825468+00:00","3","14.729803703298243","2026-09-07T08:43:47.293331873+00:00","31.938537416310528","127.36861675102053","176.7576444395789","198.7013708589412","3.135772910979807","9.016883850097656","6.133757432224609","33.302089022937935","41.92094039916992","-156.78043045977128","ok","sparse","hs_above_validated_p95","{}","2026-09-07T09:07:48+00:00","no_land_detected","false"
"6d392363-4cc4-4e20-b8b4-d79d20550500","2026-09-11T15:41:00.862661+00:00","20260906T18","2026-09-07T01:25:41+00:00","감속","covered","12","2026-09-06T18:00:00+00:00","2026-09-08T05:15:21.929825468+00:00","3","15.141522832264465","2026-09-07T09:08:29.482196152+00:00","31.860372083806272","127.3376155650105","181.6982739871736","198.684988890183","3.145597590620446","8.981043815612793","6.139318579865814","33.265520758657544","39.90823745727539","-158.77675143290762","ok","sparse","hs_above_validated_p95","{}","2026-09-07T09:07:48+00:00","no_land_detected","false"
"6d392363-4cc4-4e20-b8b4-d79d20550500","2026-09-11T15:41:00.862661+00:00","20260906T18","2026-09-07T01:25:41+00:00","감속","covered","12","2026-09-06T18:00:00+00:00","2026-09-08T05:15:21.929825468+00:00","3","15.553241961230688","2026-09-07T09:33:11.671060430+00:00","31.78219824532728","127.30666665260826","186.63890353476825","198.6686704068974","3.1372925093405812","8.981043815612793","6.14504270674446","33.304910758183496","39.90823745727539","-158.76043294962201","ok","sparse","hs_above_validated_p95","{}","2026-09-07T09:07:48+00:00","no_land_detected","false"
"6d392363-4cc4-4e20-b8b4-d79d20550500","2026-09-11T15:41:00.862661+00:00","20260906T18","2026-09-07T01:25:41+00:00","감속","covered","12","2026-09-06T18:00:00+00:00","2026-09-08T05:15:21.929825468+00:00","3","15.964961090196914","2026-09-07T09:57:53.859924708+00:00","31.704015937451857","127.27576977233998","191.57953308236296","198.6524151951121","3.129466163050724","8.981043815612793","6.154208535222102","33.422585464639894","39.90823745727539","-158.7441777378367","ok","sparse","hs_above_validated_p95","{}","2026-09-07T09:07:48+00:00","no_land_detected","false"
"6d392363-4cc4-4e20-b8b4-d79d20550500","2026-09-11T15:41:00.862661+00:00","20260906T18","2026-09-07T01:25:41+00:00","감속","covered","12","2026-09-06T18:00:00+00:00","2026-09-08T05:15:21.929825468+00:00","3","16.376680219163134","2026-09-07T10:22:36.048788987+00:00","31.625825196596622","127.24492468384868","196.5201626299576","198.63622304203506","3.1194709369653095","8.981043815612793","6.168696379755093","33.661831091140584","39.90823745727539","-158.72798558475967","ok","sparse","hs_above_validated_p95","{}","2026-09-07T09:07:48+00:00","no_land_detected","false"
"6d392363-4cc4-4e20-b8b4-d79d20550500","2026-09-11T15:41:00.862661+00:00","20260906T18","2026-09-07T01:25:41+00:00","감속","covered","12","2026-09-06T18:00:00+00:00","2026-09-08T05:15:21.929825468+00:00","3","16.78839934812936","2026-09-07T10:47:18.237653265+00:00","31.547626059017603","127.21413114788702","201.46079217755232","198.6200937360474","3.1167633719431205","9.064645767211914","6.185397533246864","33.910816794380366","41.296470642089844","-157.32362309395756","ok","sparse","hs_above_validated_p95","{}","2026-09-07T12:03:00+00:00","no_land_detected","false"
"6d392363-4cc4-4e20-b8b4-d79d20550500","2026-09-11T15:41:00.862661+00:00","20260906T18","2026-09-07T01:25:41+00:00","감속","covered","12","2026-09-06T18:00:00+00:00","2026-09-08T05:15:21.929825468+00:00","3","17.200118477095582","2026-09-07T11:12:00.426517544+00:00","31.469418560811434","127.18338892631033","206.40142172514697","198.60402706669674","3.118404212254001","9.064645767211914","6.201893348168826","34.137256057989816","41.296470642089844","-157.3075564246069","ok","sparse","hs_above_validated_p95","{}","2026-09-07T12:03:00+00:00","no_land_detected","false"
"6d392363-4cc4-4e20-b8b4-d79d20550500","2026-09-11T15:41:00.862661+00:00","20260906T18","2026-09-07T01:25:41+00:00","감속","covered","12","2026-09-06T18:00:00+00:00","2026-09-08T05:15:21.929825468+00:00","3","17.611837606061805","2026-09-07T11:36:42.615381822+00:00","31.391202737916352","127.15269778206952","211.34205127274166","198.5880228246902","3.1236874513703063","9.064645767211914","6.215496634291441","34.33508444006111","41.296470642089844","-157.29155218260036","ok","sparse","hs_above_validated_p95","{}","2026-09-07T12:03:00+00:00","no_land_detected","false"
"6d392363-4cc4-4e20-b8b4-d79d20550500","2026-09-11T15:41:00.862661+00:00","20260906T18","2026-09-07T01:25:41+00:00","감속","covered","12","2026-09-06T18:00:00+00:00","2026-09-08T05:15:21.929825468+00:00","3","18.023556735028027","2026-09-07T12:01:24.804246100+00:00","31.31297862611337","127.12205747920407","216.28268082033634","198.57208080188784","3.133869204173778","9.156638145446777","6.230202209428493","34.491592759338914","43.168914794921875","-155.40316600696596","ok","sparse","hs_above_validated_p95","{}","2026-09-07T12:03:00+00:00","no_land_detected","false"
"6d392363-4cc4-4e20-b8b4-d79d20550500","2026-09-11T15:41:00.862661+00:00","20260906T18","2026-09-07T01:25:41+00:00","감속","covered","12","2026-09-06T18:00:00+00:00","2026-09-08T05:15:21.929825468+00:00","3","18.435275863994253","2026-09-07T12:26:06.993110379+00:00","31.23474626102735","127.09146778283517","221.22331036793102","198.55620079129568","3.131461269022575","9.156638145446777","6.2447840615530845","34.79104740328677","43.168914794921875","-155.3872859963738","ok","sparse","hs_above_validated_p95","{}","2026-09-07T12:03:00+00:00","no_land_detected","false"
"6d392363-4cc4-4e20-b8b4-d79d20550500","2026-09-11T15:41:00.862661+00:00","20260906T18","2026-09-07T01:25:41+00:00","감속","covered","12","2026-09-06T18:00:00+00:00","2026-09-08T05:15:21.929825468+00:00","3","18.846994992960475","2026-09-07T12:50:49.181974657+00:00","31.156505678128074","127.06092845915873","226.1639399155257","198.5403825870593","3.1359523179808426","9.156638145446777","6.278950635165563","35.715002972913794","43.168914794921875","-155.37146779213742","ok","sparse","hs_above_validated_p95","{}","2026-09-07T12:03:00+00:00","no_land_detected","false"
"6d392363-4cc4-4e20-b8b4-d79d20550500","2026-09-11T15:41:00.862661+00:00","20260906T18","2026-09-07T01:25:41+00:00","감속","covered","12","2026-09-06T18:00:00+00:00","2026-09-08T05:15:21.929825468+00:00","3","19.258714121926698","2026-09-07T13:15:31.370838936+00:00","31.078256912731334","127.03043927543867","231.10456946312038","198.5246259844571","3.138105536336459","9.30650806427002","6.316246889555021","36.639898772106505","45.99778366088867","-152.52684232356842","ok","sparse","hs_above_validated_p95","{}","2026-09-07T12:03:00+00:00","no_land_detected","false"
"6d392363-4cc4-4e20-b8b4-d79d20550500","2026-09-11T15:41:00.862661+00:00","20260906T18","2026-09-07T01:25:41+00:00","감속","covered","12","2026-09-06T18:00:00+00:00","2026-09-08T05:15:21.929825468+00:00","3","19.670433250892923","2026-09-07T13:40:13.559703214+00:00","31.000000000000007","127","236.04519901071507","198.50893077989366","3.13836729073432","9.24970817565918","6.358217544423521","37.5767989280879","53.49171447753906","-145.0172163023546","ok","sparse","hs_above_validated_p95","{}","2026-09-07T15:08:24+00:00","no_land_detected","false"
"6d392363-4cc4-4e20-b8b4-d79d20550500","2026-09-11T15:41:00.862661+00:00","20260906T18","2026-09-07T01:25:41+00:00","감속","covered","12","2026-09-06T18:00:00+00:00","2026-09-08T05:15:21.929825468+00:00","3","20.080582155295364","2026-09-07T14:04:50.095759063+00:00","30.921169237485692","126.97290708835524","240.96698586354435","196.491130757544","3.1014555121962832","9.24970817565918","6.33932258035123","36.94205231288049","53.49171447753906","-142.99941628000494","ok","sparse","hs_above_validated_p95","{}","2026-09-07T15:08:24+00:00","no_land_detected","false"
"6d392363-4cc4-4e20-b8b4-d79d20550500","2026-09-11T15:41:00.862661+00:00","20260906T18","2026-09-07T01:25:41+00:00","감속","covered","12","2026-09-06T18:00:00+00:00","2026-09-08T05:15:21.929825468+00:00","3","20.490731059697804","2026-09-07T14:29:26.631814912+00:00","30.84233184676872","126.9458585776122","245.88877271637364","196.47724762117937","3.0683826190046077","9.219170570373535","6.319978563251691","36.19813144285155","47.73433303833008","-148.7429145828493","ok","sparse","hs_above_validated_p95","{}","2026-09-07T15:08:24+00:00","no_land_detected","false"
"6d392363-4cc4-4e20-b8b4-d79d20550500","2026-09-11T15:41:00.862661+00:00","20260906T18","2026-09-07T01:25:41+00:00","감속","covered","12","2026-09-06T18:00:00+00:00","2026-09-08T05:15:21.929825468+00:00","3","20.900879964100245","2026-09-07T14:54:03.167870760+00:00","30.76348785593927","126.91885426021376","250.81055956920295","196.46341907165447","3.0390330642010133","9.219170570373535","6.301806552987805","35.35788073119426","47.73433303833008","-148.7290860333244","ok","sparse","hs_above_validated_p95","{}","2026-09-07T15:08:24+00:00","no_land_detected","false"
"6d392363-4cc4-4e20-b8b4-d79d20550500","2026-09-11T15:41:00.862661+00:00","20260906T18","2026-09-07T01:25:41+00:00","감속","covered","12","2026-09-06T18:00:00+00:00","2026-09-08T05:15:21.929825468+00:00","3","21.311028868502685","2026-09-07T15:18:39.703926609+00:00","30.68463729296868","126.89189392956162","255.73234642203224","196.4496449277993","3.029697500287818","9.219170570373535","6.3278738763508535","35.832054136185434","47.73433303833008","-148.71531188946923","ok","sparse","hs_above_validated_p95","{}","2026-09-07T15:08:24+00:00","no_land_detected","false"
"6d392363-4cc4-4e20-b8b4-d79d20550500","2026-09-11T15:41:00.862661+00:00","20260906T18","2026-09-07T01:25:41+00:00","감속","covered","12","2026-09-06T18:00:00+00:00","2026-09-08T05:15:21.929825468+00:00","3","21.721177772905126","2026-09-07T15:43:16.239982458+00:00","30.60578018571027","126.86497738001005","260.6541332748615","196.43592500945638","3.019054979228144","9.30239486694336","6.353228553770684","36.41327410192389","50.66581726074219","-145.7701077487142","ok","sparse","hs_above_validated_p95","{}","2026-09-07T15:08:24+00:00","no_land_detected","false"
"6d392363-4cc4-4e20-b8b4-d79d20550500","2026-09-11T15:41:00.862661+00:00","20260906T18","2026-09-07T01:25:41+00:00","감속","covered","12","2026-09-06T18:00:00+00:00","2026-09-08T05:15:21.929825468+00:00","3","22.13132667730757","2026-09-07T16:07:52.776038307+00:00","30.526916561900194","126.83810440685969","265.57592012769084","196.42225913747464","3.0088467688309786","9.30239486694336","6.379007538875466","36.9532029199259","50.66581726074219","-145.75644187673245","ok","sparse","hs_above_validated_p95","{}","2026-09-07T15:08:24+00:00","no_land_detected","false"
"6d392363-4cc4-4e20-b8b4-d79d20550500","2026-09-11T15:41:00.862661+00:00","20260906T18","2026-09-07T01:25:41+00:00","감속","covered","12","2026-09-06T18:00:00+00:00","2026-09-08T05:15:21.929825468+00:00","3","22.541475581710007","2026-09-07T16:32:29.312094156+00:00","30.448046449158305","126.8112748063514","270.4977069805201","196.4086471337036","2.962324824790921","9.30239486694336","6.350449247927979","36.067428659512416","50.66581726074219","-145.7428298729614","ok","sparse","hs_above_validated_p95","{}","2026-09-07T15:08:24+00:00","no_land_detected","false"
"6d392363-4cc4-4e20-b8b4-d79d20550500","2026-09-11T15:41:00.862661+00:00","20260906T18","2026-09-07T01:25:41+00:00","감속","covered","12","2026-09-06T18:00:00+00:00","2026-09-08T05:15:21.929825468+00:00","3","22.95162448611245","2026-09-07T16:57:05.848150004+00:00","30.369169874988877","126.78448837566022","275.4194938333494","196.39508882098727","2.8984083649011994","9.151723861694336","6.2943255716832995","34.40074734529014","42.03993225097656","-154.3551565700107","ok","sparse","hs_above_validated_p95","{}","2026-09-07T18:03:36+00:00","no_land_detected","false"
"6d392363-4cc4-4e20-b8b4-d79d20550500","2026-09-11T15:41:00.862661+00:00","20260906T18","2026-09-07T01:25:41+00:00","감속","covered","12","2026-09-06T18:00:00+00:00","2026-09-08T05:15:21.929825468+00:00","3","23.361773390514887","2026-09-07T17:21:42.384205853+00:00","30.29028686678154","126.75774491288918","280.34128068617866","196.3815840231585","2.836545936528467","9.151723861694336","6.239019089200538","32.670918912871","42.03993225097656","-154.34165177218193","ok","sparse","hs_above_validated_p95","{}","2026-09-07T18:03:36+00:00","no_land_detected","false"
"6d392363-4cc4-4e20-b8b4-d79d20550500","2026-09-11T15:41:00.862661+00:00","20260906T18","2026-09-07T01:25:41+00:00","감속","covered","12","2026-09-06T18:00:00+00:00","2026-09-08T05:15:21.929825468+00:00","3","23.77192229491733","2026-09-07T17:46:18.920261702+00:00","30.211397451811997","126.73104421706337","285.263067539008","196.3681325650331","2.8013683681731516","9.151723861694336","6.211514474070618","31.87019010291033","42.03993225097656","-154.32820031405655","ok","sparse","hs_above_validated_p95","{}","2026-09-07T18:03:36+00:00","no_land_detected","false"
"6d392363-4cc4-4e20-b8b4-d79d20550500","2026-09-11T15:41:00.862661+00:00","20260906T18","2026-09-07T01:25:41+00:00","감속","covered","12","2026-09-06T18:00:00+00:00","2026-09-08T05:15:21.929825468+00:00","3","24.18207119931977","2026-09-07T18:10:55.456317551+00:00","30.132501657242884","126.70438608812395","290.18485439183723","196.35473427240404","2.7947792872863246","9.151723861694336","6.21020727136781","32.06643181432764","42.03993225097656","-154.31480202142748","ok","sparse","hs_above_validated_p95","{}","2026-09-07T18:03:36+00:00","no_land_detected","false"
"6d392363-4cc4-4e20-b8b4-d79d20550500","2026-09-11T15:41:00.862661+00:00","20260906T18","2026-09-07T01:25:41+00:00","감속","covered","12","2026-09-06T18:00:00+00:00","2026-09-08T05:15:21.929825468+00:00","3","24.592220103722212","2026-09-07T18:35:31.992373399+00:00","30.05359951012459","126.67777032692217","295.10664124466655","196.34138897203573","2.7900458074595824","9.21262264251709","6.203221705966058","32.227114212080494","42.641807556152344","-153.6995814158834","ok","sparse","hs_above_validated_p95","{}","2026-09-07T18:03:36+00:00","no_land_detected","false"
"6d392363-4cc4-4e20-b8b4-d79d20550500","2026-09-11T15:41:00.862661+00:00","20260906T18","2026-09-07T01:25:41+00:00","감속","covered","12","2026-09-06T18:00:00+00:00","2026-09-08T05:15:21.929825468+00:00","3","25.002369008124656","2026-09-07T19:00:08.528429248+00:00","29.974691037395942","126.65119673521352","300.02842809749586","196.32809649165836","2.7783441986864643","9.21262264251709","6.195141221900676","32.19571050630583","42.641807556152344","-153.686288935506","ok","sparse","hs_above_validated_p95","{}","2026-09-07T18:03:36+00:00","no_land_detected","false"
"6d392363-4cc4-4e20-b8b4-d79d20550500","2026-09-11T15:41:00.862661+00:00","20260906T18","2026-09-07T01:25:41+00:00","감속","covered","12","2026-09-06T18:00:00+00:00","2026-09-08T05:15:21.929825468+00:00","3","25.412517912527093","2026-09-07T19:24:45.064485097+00:00","29.89577626588512","126.62466511565185","304.9502149503251","196.3148566599623","2.750925886038906","9.241665840148926","6.1714978034566705","31.6765687450133","45.297576904296875","-151.0172797556654","ok","sparse","hs_above_validated_p95","{}","2026-09-07T18:03:36+00:00","no_land_detected","false"
"6d392363-4cc4-4e20-b8b4-d79d20550500","2026-09-11T15:41:00.862661+00:00","20260906T18","2026-09-07T01:25:41+00:00","감속","covered","12","2026-09-06T18:00:00+00:00","2026-09-08T05:15:21.929825468+00:00","3","25.822666816929537","2026-09-07T19:49:21.600540946+00:00","29.816855222310377","126.59817527178355","309.87200180315443","196.30166930659234","2.724112050797447","9.168325424194336","6.152366167429039","31.173881767208115","43.47581100463867","-152.82585830195367","ok","no_coverage","no_nearby_validation_station|hs_above_validated_p95","{}","2026-09-07T21:09:36+00:00","no_land_detected","false"
"6d392363-4cc4-4e20-b8b4-d79d20550500","2026-09-11T15:41:00.862661+00:00","20260906T18","2026-09-07T01:25:41+00:00","감속","covered","12","2026-09-06T18:00:00+00:00","2026-09-08T05:15:21.929825468+00:00","3","26.232815721331974","2026-09-07T20:13:58.136596795+00:00","29.737927933280776","126.5717270080418","314.7937886559837","196.28853426214238","2.6984041597341055","9.168325424194336","6.137392942373594","30.709741450113256","43.47581100463867","-152.8127232575037","ok","no_coverage","no_nearby_validation_station|hs_above_validated_p95","{}","2026-09-07T21:09:36+00:00","no_land_detected","false"
"6d392363-4cc4-4e20-b8b4-d79d20550500","2026-09-11T15:41:00.862661+00:00","20260906T18","2026-09-07T01:25:41+00:00","감속","covered","12","2026-09-06T18:00:00+00:00","2026-09-08T05:15:21.929825468+00:00","3","26.642964625734418","2026-09-07T20:38:34.672652643+00:00","29.65899442529707","126.54532012974083","319.715575508813","196.2754513581497","2.678429003902262","9.168325424194336","6.122375096555805","30.364983259574046","43.47581100463867","-152.79964035351102","ok","no_coverage","no_nearby_validation_station|hs_above_validated_p95","{}","2026-09-07T21:09:36+00:00","no_land_detected","false"
"6d392363-4cc4-4e20-b8b4-d79d20550500","2026-09-11T15:41:00.862661+00:00","20260906T18","2026-09-07T01:25:41+00:00","감속","covered","12","2026-09-06T18:00:00+00:00","2026-09-08T05:15:21.929825468+00:00","3","27.05311353013686","2026-09-07T21:03:11.208708492+00:00","29.580054724752348","126.51895444307017","324.6373623616423","196.26242042708958","2.660599211732091","9.200101852416992","6.109750697979473","30.014891226303916","41.43873596191406","-154.82368446517552","ok","no_coverage","no_nearby_validation_station|hs_above_validated_p95","{}","2026-09-07T21:09:36+00:00","no_land_detected","false"
"6d392363-4cc4-4e20-b8b4-d79d20550500","2026-09-11T15:41:00.862661+00:00","20260906T18","2026-09-07T01:25:41+00:00","감속","covered","12","2026-09-06T18:00:00+00:00","2026-09-08T05:15:21.929825468+00:00","3","27.4632624345393","2026-09-07T21:27:47.744764341+00:00","29.501108857932874","126.49262975508911","329.5591492144716","196.24944130236983","2.640880600951707","9.200101852416992","6.092621012762351","29.685548158269967","41.43873596191406","-154.81070534045577","ok","no_coverage","no_nearby_validation_station|hs_above_validated_p95","{}","2026-09-07T21:09:36+00:00","no_land_detected","false"
"6d392363-4cc4-4e20-b8b4-d79d20550500","2026-09-11T15:41:00.862661+00:00","20260906T18","2026-09-07T01:25:41+00:00","감속","covered","12","2026-09-06T18:00:00+00:00","2026-09-08T05:15:21.929825468+00:00","3","27.87341133894174","2026-09-07T21:52:24.280820190+00:00","29.422156851018787","126.466345873721","334.4809360673009","196.23651381832542","2.6208674697773073","9.200101852416992","6.07513515098295","29.36239844665613","41.43873596191406","-154.79777785641136","ok","no_coverage","no_nearby_validation_station|hs_above_validated_p95","{}","2026-09-07T21:09:36+00:00","no_land_detected","false"
"6d392363-4cc4-4e20-b8b4-d79d20550500","2026-09-11T15:41:00.862661+00:00","20260906T18","2026-09-07T01:25:41+00:00","감속","covered","12","2026-09-06T18:00:00+00:00","2026-09-08T05:15:21.929825468+00:00","3","28.28356024334418","2026-09-07T22:17:00.816876039+00:00","29.34319873008489","126.44010260774763","339.40272292013015","196.22363781021315","2.6008774240541728","9.231335639953613","6.062891925403871","29.090828457291934","39.88640213012695","-156.3372356800862","ok","no_coverage","no_nearby_validation_station|hs_above_validated_p95","{}","2026-09-07T21:09:36+00:00","no_land_detected","false"
"6d392363-4cc4-4e20-b8b4-d79d20550500","2026-09-11T15:41:00.862661+00:00","20260906T18","2026-09-07T01:25:41+00:00","감속","covered","12","2026-09-06T18:00:00+00:00","2026-09-08T05:15:21.929825468+00:00","3","28.69370914774662","2026-09-07T22:41:37.352931887+00:00","29.26423452110135","126.41389976680387","344.32450977295946","196.21081311420622","2.5814580442378268","9.105504989624023","6.0545128268858","28.867382612574602","41.67863082885742","-154.5321822853488","ok","no_coverage","no_nearby_validation_station|hs_above_validated_p95","{}","2026-09-08T00:04:48+00:00","no_land_detected","false"
"6d392363-4cc4-4e20-b8b4-d79d20550500","2026-09-11T15:41:00.862661+00:00","20260906T18","2026-09-07T01:25:41+00:00","감속","covered","12","2026-09-06T18:00:00+00:00","2026-09-08T05:15:21.929825468+00:00","3","29.103858052149064","2026-09-07T23:06:13.888987736+00:00","29.185264249934498","126.38773716137194","349.2462966257888","196.19803956738915","2.5584784227012523","9.105504989624023","6.054039844842562","28.818062973478447","41.67863082885742","-154.51940873853172","ok","no_coverage","no_nearby_validation_station|hs_above_validated_p95","{}","2026-09-08T00:04:48+00:00","no_land_detected","false"
"6d392363-4cc4-4e20-b8b4-d79d20550500","2026-09-11T15:41:00.862661+00:00","20260906T18","2026-09-07T01:25:41+00:00","감속","covered","12","2026-09-06T18:00:00+00:00","2026-09-08T05:15:21.929825468+00:00","3","29.5140069565515","2026-09-07T23:30:50.425043585+00:00","29.106287942347464","126.36161460277614","354.16808347861803","196.18531700775227","2.5384345558136325","9.187783241271973","6.052605349507103","28.75174195243153","42.53577423095703","-153.64954277679524","ok","no_coverage","no_nearby_validation_station|hs_above_validated_p95","{}","2026-09-08T00:04:48+00:00","no_land_detected","false"
"6d392363-4cc4-4e20-b8b4-d79d20550500","2026-09-11T15:41:00.862661+00:00","20260906T18","2026-09-07T01:25:41+00:00","감속","covered","12","2026-09-06T18:00:00+00:00","2026-09-08T05:15:21.929825468+00:00","3","29.924155860953945","2026-09-07T23:55:26.961099434+00:00","29.027305624001","126.33553190317731","359.08987033144734","196.1726452741868","2.5230240563455983","9.187783241271973","6.04730144628468","28.623861213103567","42.53577423095703","-153.63687104322977","ok","no_coverage","no_nearby_validation_station|hs_above_validated_p95","{}","2026-09-08T00:04:48+00:00","no_land_detected","false"
"6d392363-4cc4-4e20-b8b4-d79d20550500","2026-09-11T15:41:00.862661+00:00","20260906T18","2026-09-07T01:25:41+00:00","감속","covered","12","2026-09-06T18:00:00+00:00","2026-09-08T05:15:21.929825468+00:00","3","30.334304765356382","2026-09-08T00:20:03.497155282+00:00","28.94831732045412","126.30948887556752","364.0116571842766","196.1600242064795","2.507843264604395","9.187783241271973","6.01549613085004","28.29271245841585","42.53577423095703","-153.62424997552247","ok","no_coverage","no_nearby_validation_station|hs_above_validated_p95","{}","2026-09-08T00:04:48+00:00","no_land_detected","false"
"6d392363-4cc4-4e20-b8b4-d79d20550500","2026-09-11T15:41:00.862661+00:00","20260906T18","2026-09-07T01:25:41+00:00","감속","covered","12","2026-09-06T18:00:00+00:00","2026-09-08T05:15:21.929825468+00:00","3","30.744453669758826","2026-09-08T00:44:40.033211131+00:00","28.869323057164877","126.28348533376465","368.9334440371059","196.14745364530762","2.493499735338827","9.20432186126709","5.970887789645298","27.883793183861997","39.787715911865234","-156.3597377334424","ok","no_coverage","no_nearby_validation_station|hs_above_validated_p95","{}","2026-09-08T00:04:48+00:00","no_land_detected","false"
"6d392363-4cc4-4e20-b8b4-d79d20550500","2026-09-11T15:41:00.862661+00:00","20260906T18","2026-09-07T01:25:41+00:00","감속","covered","12","2026-09-06T18:00:00+00:00","2026-09-08T05:15:21.929825468+00:00","3","31.15460257416127","2026-09-08T01:09:16.569266980+00:00","28.790322859491027","126.25752109240709","373.8552308899352","196.13493343223382","2.4829232912584827","9.20432186126709","5.925879369816546","27.48741609297923","39.787715911865234","-156.3472175203686","ok","no_coverage","no_nearby_validation_station|hs_above_validated_p95","{}","2026-09-08T00:04:48+00:00","no_land_detected","false"
"6d392363-4cc4-4e20-b8b4-d79d20550500","2026-09-11T15:41:00.862661+00:00","20260906T18","2026-09-07T01:25:41+00:00","감속","covered","12","2026-09-06T18:00:00+00:00","2026-09-08T05:15:21.929825468+00:00","3","31.564751478563707","2026-09-08T01:33:53.105322829+00:00","28.71131675269076","126.23159596694856","378.7770177427645","196.12246340970103","2.472204565268691","9.056736946105957","5.891534215519268","27.27200256528539","40.59779739379883","-155.5246660159022","ok","no_coverage","no_nearby_validation_station|hs_above_validated_p95","{}","2026-09-08T03:00:00+00:00","no_land_detected","false"
"6d392363-4cc4-4e20-b8b4-d79d20550500","2026-09-11T15:41:00.862661+00:00","20260906T18","2026-09-07T01:25:41+00:00","감속","covered","12","2026-09-06T18:00:00+00:00","2026-09-08T05:15:21.929825468+00:00","3","31.974900382966144","2026-09-08T01:58:29.641378678+00:00","28.632304761923365","126.20570977365271","383.69880459559374","196.11004342102754","2.4617203327583685","9.056736946105957","5.871247466136405","27.235685140824557","40.59779739379883","-155.5122460272287","ok","no_coverage","no_nearby_validation_station|hs_above_validated_p95","{}","2026-09-08T03:00:00+00:00","no_land_detected","false"
"6d392363-4cc4-4e20-b8b4-d79d20550500","2026-09-11T15:41:00.862661+00:00","20260906T18","2026-09-07T01:25:41+00:00","감속","covered","12","2026-09-06T18:00:00+00:00","2026-09-08T05:15:21.929825468+00:00","3","32.38504928736859","2026-09-08T02:23:06.177434526+00:00","28.55328691225","126.17986232958806","388.62059144842306","196.09767331040206","2.4545894184312576","9.105534553527832","5.8546873498542595","27.208282807009255","40.16724395751953","-155.93042935288253","ok","no_coverage","no_nearby_validation_station|hs_above_validated_p95","{}","2026-09-08T03:00:00+00:00","no_land_detected","false"
"6d392363-4cc4-4e20-b8b4-d79d20550500","2026-09-11T15:41:00.862661+00:00","20260906T18","2026-09-07T01:25:41+00:00","감속","covered","12","2026-09-06T18:00:00+00:00","2026-09-08T05:15:21.929825468+00:00","3","32.79519819177103","2026-09-08T02:47:42.713490375+00:00","28.47426322863426","126.15405345262273","393.54237830125237","196.08535292287863","2.4422455565385723","9.105534553527832","5.846568653993199","27.151465711128594","40.16724395751953","-155.9181089653591","ok","no_coverage","no_nearby_validation_station|hs_above_validated_p95","{}","2026-09-08T03:00:00+00:00","no_land_detected","false"
"6d392363-4cc4-4e20-b8b4-d79d20550500","2026-09-11T15:41:00.862661+00:00","20260906T18","2026-09-07T01:25:41+00:00","감속","covered","12","2026-09-06T18:00:00+00:00","2026-09-08T05:15:21.929825468+00:00","3","33.205347096173476","2026-09-08T03:12:19.249546224+00:00","28.39523373594298","126.12828296141936","398.4641651540817","196.0730821043718","2.4098101056785555","9.105534553527832","5.860595895905044","27.045461658058855","40.16724395751953","-155.90583814685226","ok","no_coverage","no_nearby_validation_station|hs_above_validated_p95","{}","2026-09-08T03:00:00+00:00","no_land_detected","false"
"6d392363-4cc4-4e20-b8b4-d79d20550500","2026-09-11T15:41:00.862661+00:00","20260906T18","2026-09-07T01:25:41+00:00","감속","covered","12","2026-09-06T18:00:00+00:00","2026-09-08T05:15:21.929825468+00:00","3","33.61549600057592","2026-09-08T03:36:55.785602073+00:00","28.316198458946822","126.10255067543","403.385952006911","196.06086070165182","2.377637195825545","9.193711280822754","5.876031022105398","26.89058605450748","40.01631546020508","-156.04454524144674","ok","no_coverage","no_nearby_validation_station","{}","2026-09-08T03:00:00+00:00","no_land_detected","false"
"6d392363-4cc4-4e20-b8b4-d79d20550500","2026-09-11T15:41:00.862661+00:00","20260906T18","2026-09-07T01:25:41+00:00","감속","covered","12","2026-09-06T18:00:00+00:00","2026-09-08T05:15:21.929825468+00:00","3","34.02564490497836","2026-09-08T04:01:32.321657922+00:00","28.23715742232102","126.07685641489101","408.30773885974025","196.0486885623397","2.3511347055607352","9.193711280822754","5.885501788876877","26.750987796842367","40.01631546020508","-156.0323731021346","ok","no_coverage","no_nearby_validation_station","{}","2026-09-08T03:00:00+00:00","no_land_detected","false"
"6d392363-4cc4-4e20-b8b4-d79d20550500","2026-09-11T15:41:00.862661+00:00","20260906T18","2026-09-07T01:25:41+00:00","감속","covered","12","2026-09-06T18:00:00+00:00","2026-09-08T05:15:21.929825468+00:00","3","34.43579380938079","2026-09-08T04:26:08.857713770+00:00","28.158110650645998","126.05120000081813","413.2295257125695","196.03656553490248","2.3304120934704375","9.193711280822754","5.892279570749559","26.972131596874533","40.01631546020508","-156.0202500746974","ok","no_coverage","no_nearby_validation_station","{}","2026-09-08T03:00:00+00:00","no_land_detected","false"
"6d392363-4cc4-4e20-b8b4-d79d20550500","2026-09-11T15:41:00.862661+00:00","20260906T18","2026-09-07T01:25:41+00:00","감속","covered","12","2026-09-06T18:00:00+00:00","2026-09-08T05:15:21.929825468+00:00","3","34.84594271378324","2026-09-08T04:50:45.393769619+00:00","28.079058168408054","126.02558125500133","418.1513125653988","196.02449146864842","2.315551557164","9.043516159057617","5.886272443618177","27.125582199065775","40.150489807128906","-155.87400166151951","ok","no_coverage","no_nearby_validation_station","{}","2026-09-08T06:06:00+00:00","no_land_detected","false"
"6d392363-4cc4-4e20-b8b4-d79d20550500","2026-09-11T15:41:00.862661+00:00","20260906T18","2026-09-07T01:25:41+00:00","감속","covered","12","2026-09-06T18:00:00+00:00","2026-09-08T05:15:21.929825468+00:00","3","35.25609161818568","2026-09-08T05:15:21.929825468+00:00","27.999999999999996","126","423.07309941822814","196.01246621372238","2.3066640962660556","9.043516159057617","5.867887237596038","27.203902537896283","40.150489807128906","-155.86197640659347","ok","no_coverage","no_nearby_validation_station","{}","2026-09-08T06:06:00+00:00","no_land_detected","false"